name,e_window,n_confs
astex_1g9v,3.382983999999851,10
astex_1gkc,9.817393000000266,10
astex_1gm8,8.560186999999132,10
astex_1hnn,2.57716500000015,8
astex_1hp0,2.872139000000061,10
astex_1hq2,1.1301080000002912,10
astex_1hvy,13.398702999998932,10
astex_1hwi,4.853317000000061,8
astex_1ia1,0.8445789999996123,10
astex_1ig3,0.9063069999997424,10
astex_1j3j,0.31003099999998085,10
astex_1jd0,0.199867999999924,10
astex_1jje,2.870560999999725,10
astex_1jla,2.7411110000002736,10
astex_1k3u,3.885251000000153,10
astex_1ke5,1.289958999999726,10
astex_1kzk,8.755429000000731,10
astex_1l2s,4.416558999999779,10
astex_1l7f,16.758529000000635,8
astex_1lpz,0.523707999999715,4
astex_1lrh,0.10540100000025632,10
astex_1m2z,0.5833330000004935,10
astex_1meh,5.064746999999443,10
astex_1mmv,1.317109999999957,10
astex_1n1m,2.2754240000003847,10
astex_1n2j,4.7870090000001255,10
astex_1n2v,0.8800839999998971,10
astex_1n46,1.2796849999995175,10
astex_1nav,1.7243079999998372,10
astex_1of1,7.053225000000111,10
astex_1of6,0.5845800000001873,10
astex_1opk,0.5128119999999399,7
astex_1oq5,10.959857000000738,8
astex_1owe,1.0273849999994127,10
astex_1oyt,1.235185000000456,6
astex_1p2y,2.99254800000017,10
astex_1p62,2.188151000000289,10
astex_1pmn,0.49417499999981374,5
astex_1q1g,4.032284000000345,10
astex_1q41,0.0,1
astex_1q4g,0.6657070000001113,10
astex_1r1h,7.064513000000261,7
astex_1r55,7.817086999999447,10
astex_1r58,11.298350999999457,10
astex_1r9o,0.6062459999993735,10
astex_1s3v,0.4184130000003279,6
astex_1sg0,3.6359910000001037,10
astex_1sj0,0.4315569999998843,4
astex_1sq5,4.252055000000382,10
astex_1t40,1.5917119999994611,8
astex_1t46,0.0,1
astex_1t9b,0.7880110000000968,10
astex_1tow,0.3150889999997162,10
astex_1tt1,2.5731080000000475,3
astex_1tz8,1.8159929999992528,10
astex_1u1c,1.0034719999998742,10
astex_1u4d,0.0,1
astex_1uml,6.348562000000129,10
astex_1unl,3.9747330000000147,8
astex_1uou,0.15252200000031735,2
astex_1v0p,2.4706870000009076,10
astex_1v48,7.227993999999853,10
astex_1v4s,0.27350100000057864,10
astex_1vcj,3.5508439999994152,6
astex_1w1p,0.0,1
astex_1w2g,5.624505000000227,10
astex_1xm6,1.7168750000000728,10
astex_1xoq,10.144626999999673,10
astex_1xoz,0.494222000001173,10
astex_1y6b,5.1873279999999795,6
astex_1yqy,1.2305220000007466,10
astex_1yvf,2.5772500000002765,10
astex_1ywr,2.713346999999885,5
astex_1z95,2.7666870000002746,10
astex_2bm2,0.38675399999920046,5
astex_2br1,0.9333129999995435,10
astex_2bsm,1.312539999999899,10
omegacsd_ABHYTZ,0.7331140000001142,10
omegacsd_ABIMAZ,0.39056899999968664,10
omegacsd_ABSBPP,0.7015680000004068,10
omegacsd_ABVPRO,0.8527050000002419,10
omegacsd_ABXBPC,3.607253000000128,10
omegacsd_ABZNPS,1.5185020000003533,10
omegacsd_ACENHT,3.311836000000312,10
omegacsd_ACPIXZ,1.091167000000496,10
omegacsd_ACTHBZ,0.6408070000006774,10
omegacsd_ADPRTR,10.063584999999875,10
omegacsd_AMOCMS10,4.09834199999932,10
omegacsd_AMPDAM,0.22834100000000035,10
omegacsd_ANOPPS,0.6224560000005113,10
omegacsd_ANTZOA,0.24870300000020507,10
omegacsd_ANTZOB,0.658289999999397,10
omegacsd_AOPCHY,1.4888579999997091,10
omegacsd_APRTAM,9.61901399999988,10
omegacsd_AURMIN,0.5201960000003965,10
omegacsd_AZLNPR,1.8432299999994939,10
omegacsd_BAFJEX10,0.5915960000002087,10
omegacsd_BAFREF,0.7788919999998143,10
omegacsd_BAFYOW,0.6202110000003813,10
omegacsd_BAJZOB10,1.1519630000002508,10
omegacsd_BATROD,0.6110240000002705,10
omegacsd_BATXID,0.6448470000004818,10
omegacsd_BAXOZO,1.435218999999961,10
omegacsd_BBSPRT10,0.9772949999996854,10
omegacsd_BEDLUR,1.4543339999991076,10
omegacsd_BEHHOL10,1.0362000000004628,10
omegacsd_BEKDIE,3.63877199999979,10
omegacsd_BELWOE,0.51767800000016,10
omegacsd_BENPRL,6.2279609999995955,10
omegacsd_BESCEH,0.8460469999999987,10
omegacsd_BETFAH,0.5628030000002582,10
omegacsd_BEWLIY10,0.7026920000002974,10
omegacsd_BEWLOE10,0.2080390000000989,10
omegacsd_BEXVOP,0.9742329999994581,10
omegacsd_BHMPET,3.4277969999998277,10
omegacsd_BIBHID,2.1673869999995077,10
omegacsd_BIBSEK,3.937533999999687,10
omegacsd_BSBTHP,0.38251400000035574,10
omegacsd_BTHYDX,1.6738970000005793,10
omegacsd_BUDCUY,0.7603430000008302,10
omegacsd_BUFXOP,2.8017989999998463,10
omegacsd_BUHNIB,1.2590729999992618,10
omegacsd_BUNFUL,1.3395920000002661,10
omegacsd_BUSNIM,6.597931000000244,10
omegacsd_BUTDID,1.957951000000321,10
omegacsd_BUVYIA,10.066902999999911,10
omegacsd_BUYZIE,1.2343410000003132,10
omegacsd_BZAPCX10,0.4745450000004894,10
omegacsd_BZAPUC20,0.23542399999951158,10
omegacsd_CABCUD,2.1038559999997233,10
omegacsd_CAFGIZ,0.6210970000001907,10
omegacsd_CAGXEN,0.5717660000000251,10
omegacsd_CALLEG,0.41955300000017814,10
omegacsd_CANPUC,0.6258850000003804,10
omegacsd_CARNID,0.2771490000000085,10
omegacsd_CATXIE,0.4975699999995413,10
omegacsd_CAVNUI,2.195741999999427,10
omegacsd_CBMHZP,13.599194999998872,6
omegacsd_CBSTHP,0.9759049999997842,10
omegacsd_CBZHYX,1.2962879999995494,10
omegacsd_CDBMPI10,0.0,1
omegacsd_CEJTIU,0.8650830000005953,10
omegacsd_CEKNOV,0.3295989999996891,10
omegacsd_CELDEC,0.7297920000000886,10
omegacsd_CELXOG,0.9172530000005281,10
omegacsd_CENNIS,1.979022000000441,10
omegacsd_CETZOQ,1.2723759999998947,10
omegacsd_CEVTUS,0.39671499999985826,10
omegacsd_CEWFUF,1.5003370000003997,10
omegacsd_CFBPBI,5.795108000000255,10
omegacsd_CIBPEI,3.8212549999998373,10
omegacsd_CIBPOS,0.4769469999996545,10
omegacsd_CIDSIR,2.5327870000000985,10
omegacsd_CIHFAA,5.37257099999988,10
omegacsd_CIHJAE,1.7482460000001083,10
omegacsd_CIJFEG,3.7512660000011238,10
omegacsd_CIJVAS,4.283584999999221,10
omegacsd_CIPXEE,0.6733349999999518,10
omegacsd_CIXFIY,0.39961100000027727,10
omegacsd_CIXTOS,8.021762999999282,10
omegacsd_CLPHAC,1.2832240000002457,10
omegacsd_CLPNXA,5.704122000000098,10
omegacsd_CLPSAM,1.0335370000002513,10
omegacsd_CLPTBU,1.142518999999993,10
omegacsd_CMANPQ,1.4876980000008189,10
omegacsd_CMAPTX,1.504453999999896,10
omegacsd_CMPEPI,0.6195099999990816,10
omegacsd_CMSMOC,5.0307129999996505,10
omegacsd_CMXPMB,0.41713399999935064,10
omegacsd_CMXPYO,1.0986800000000585,10
omegacsd_CNBPCT,1.296135000000504,10
omegacsd_CNINDO,0.5335230000009688,10
omegacsd_COCHOL,2.8543959999988147,10
omegacsd_CODYUP10,0.8070420000003651,10
omegacsd_COFHIO10,0.628153999999995,10
omegacsd_COKBOT,2.1535249999997177,10
omegacsd_COKSUQ,9.192087999999785,10
omegacsd_COKTAX,0.46005000000059226,10
omegacsd_COTXUE,2.044915000000401,10
omegacsd_COVXIU,0.9763670000002094,10
omegacsd_COYHUT10,3.238777999999911,10
omegacsd_COYPIP,0.4945379999994657,10
omegacsd_COYTOZ,1.0916530000004059,10
omegacsd_COYVIV,3.5932379999999284,10
omegacsd_COZFOM,1.0620890000000145,10
omegacsd_CPIPLA,0.4240930000005392,10
omegacsd_CPPHAM,0.14248400000042238,10
omegacsd_CPQZOL,0.4902139999994688,10
omegacsd_CPYPTZ,0.6120889999992869,10
omegacsd_CUHNEY10,1.4586090000002514,10
omegacsd_CUJSAB,0.7218010000001414,10
omegacsd_CUNTIO,0.6989869999997609,10
omegacsd_CUSLUX,0.4263120000005074,10
omegacsd_CUWRIV,0.717026999999689,10
omegacsd_CYCLIZ10,0.6000419999991209,9
omegacsd_DABGUI,0.6788169999999809,10
omegacsd_DADDUH,0.5537930000000415,10
omegacsd_DAFTOT,4.048858999999538,10
omegacsd_DAFVUB,2.6895340000000942,10
omegacsd_DAHNIJ,2.3971190000002025,10
omegacsd_DAKGEB,0.44915800000035233,10
omegacsd_DANNEL,1.3202299999993556,10
omegacsd_DAWRAU,0.4105819999999767,10
omegacsd_DAXKAO,0.8563389999999345,5
omegacsd_DCLPET,2.7886600000001636,6
omegacsd_DCTXAN,0.48005100000045786,8
omegacsd_DEBBER,3.658209999999599,7
omegacsd_DEBBOB,1.0527579999998125,10
omegacsd_DEBFAR,0.7929450000001452,10
omegacsd_DECZIU,0.5565240000000813,10
omegacsd_DENBUT,1.4466050000005453,10
omegacsd_DENDAC,0.5708010000007562,10
omegacsd_DERZAB,1.04319600000008,10
omegacsd_DIAVER,0.5789120000004004,10
omegacsd_DIGSIV,3.045165000000452,10
omegacsd_DIPJAN10,3.4970909999992728,10
omegacsd_DISHOC,2.7230500000000575,10
omegacsd_DIWPUU,1.0134500000003754,10
omegacsd_DIWWUB,0.6679529999992155,10
omegacsd_DIZREJ,0.8730930000001536,10
omegacsd_DIZWAK,0.8032210000001214,10
omegacsd_DOHREX,0.7652719999996407,10
omegacsd_DOLJIX,0.6664520000003904,10
omegacsd_DOPXIP,1.8174559999997655,10
omegacsd_DOTFEX,1.5196639999999206,10
omegacsd_DOXANN,1.6817669999991267,10
omegacsd_DUDNUL,0.3769500000003063,10
omegacsd_DUDPAT,0.6907440000004499,10
omegacsd_DUHSUU,0.8029109999997672,10
omegacsd_DUMTAG,0.32285700000011275,10
omegacsd_DUPKII,0.9732639999992898,10
omegacsd_DUXYOK,2.1444549999996525,10
omegacsd_DUZDAD,0.8567379999994955,10
omegacsd_DUZRAR,1.2668149999999514,7
omegacsd_EBTNIC,3.0581350000002203,10
omegacsd_ECBHMP,0.4743059999991601,10
omegacsd_EHMPYX10,0.4559599999997772,10
omegacsd_EITDZL,0.5967929999997068,10
omegacsd_EMZPPO,0.459725000000617,10
omegacsd_EPCMPO,0.5787650000002031,10
omegacsd_EXOADN,0.4257660000002943,10
omegacsd_FABSOQ10,1.2434130000010555,10
omegacsd_FABWUA10,12.429196999999476,10
omegacsd_FACCER10,0.5503950000002078,10
omegacsd_FAGHIE,1.3250819999993837,5
omegacsd_FAHTUD,0.7989120000011098,10
omegacsd_FAHXIV,0.5222310000008292,10
omegacsd_FAJVAN,6.267170000000078,10
omegacsd_FANPUF,4.9144399999995585,10
omegacsd_FANRER,0.9113379999989775,5
omegacsd_FAVYEG,0.3790840000001481,10
omegacsd_FAWREA,0.8345449999997072,10
omegacsd_FAXPUP,1.6804599999995844,10
omegacsd_FBPAZD,2.4837689999994836,10
omegacsd_FECPUY,4.096107000000302,10
omegacsd_FEFPOV,0.43154499999945983,10
omegacsd_FEKYEZ,1.912084999999479,10
omegacsd_FEMMAL,3.45499000000018,10
omegacsd_FEVZUB,2.609915000000001,10
omegacsd_FEWBAK,2.267445999999836,10
omegacsd_FEYJEY,0.9132259999996677,10
omegacsd_FEYKUP,2.2847880000008445,10
omegacsd_FHFPBY,1.61196099999961,10
omegacsd_FIBREN,1.3874600000008286,10
omegacsd_FIJJUD,0.5759060000000318,10
omegacsd_FIVPUV,3.8218570000003638,10
omegacsd_FIWLUS,1.0269369999996343,10
omegacsd_FIXNUV,1.679732999999942,10
omegacsd_FLPNTX10,2.604298999999628,10
omegacsd_FOBZIF,1.0707099999999627,10
omegacsd_FOGWAZ,4.005132000000231,10
omegacsd_FOJZUZ,0.8488460000003215,10
omegacsd_FOLMEY,2.821035999999822,10
omegacsd_FOLYIO,4.988404000000628,8
omegacsd_FOMDUG,1.106036000000131,10
omegacsd_FOPMIG,0.3261640000000625,10
omegacsd_FOWPOW,0.544184000000314,10
omegacsd_FOYLIO,1.179681999999957,10
omegacsd_FPAMCA,0.27940699999999197,10
omegacsd_FUCFIS,1.0299810000001344,10
omegacsd_FUDVUV,2.149597999999969,10
omegacsd_FUGSIJ,4.440776999999798,10
omegacsd_FUHHAR,0.7536960000002182,10
omegacsd_FUHLID,0.8885399999999208,10
omegacsd_FUJRUX,1.324775000000045,10
omegacsd_FUMBOE,0.8400280000000748,10
omegacsd_FUNXUH,0.468511000000035,10
omegacsd_FUNYAO,0.8038439999995717,10
omegacsd_FUPFIF,0.5991640000002008,10
omegacsd_FURACM,0.17019800000025498,10
omegacsd_FURKEI,1.2891270000000077,10
omegacsd_FURSEM01,1.1220450000005258,10
omegacsd_FUSZOI,0.6880889999997635,10
omegacsd_GAKWIY,4.099207000000206,10
omegacsd_GALMOV,0.27781299999969633,9
omegacsd_GALSEM,1.416001999999935,10
omegacsd_GANFIK,4.154691000000639,10
omegacsd_GASPUL,0.534034000000247,10
omegacsd_GASXED,0.4736700000003111,10
omegacsd_GATPOG,1.694655999999668,10
omegacsd_GAVMIZ,0.813944999999876,10
omegacsd_GEBJOM,0.7544170000001031,10
omegacsd_GEHKIN,1.0506450000002587,10
omegacsd_GEJJUA,0.5755320000002939,10
omegacsd_GEJLAI,0.9887029999999868,10
omegacsd_GEKWAU,0.213057999999819,10
omegacsd_GIFZAW,1.8553799999995135,10
omegacsd_GIHKAJ,1.050043999999616,10
omegacsd_GIHTUM,4.486189000000195,10
omegacsd_GIHWUP,0.4631150000004709,10
omegacsd_GIKJOZ,0.451256999999714,10
omegacsd_GINKUJ,4.711687999999867,10
omegacsd_HADLAZ,11.929986999999528,10
omegacsd_HALDOL,1.8055640000002313,10
omegacsd_HALJOT,1.8918879999991987,10
omegacsd_HALOPE,3.790444999999636,10
omegacsd_HALSES,1.1009500000000116,10
omegacsd_HASCOT,0.4491149999994377,10
omegacsd_HATKES,1.443768000000091,10
omegacsd_HAVJET,0.2486189999999624,10
omegacsd_HAVLUL,0.7048640000002706,10
omegacsd_HAVRUR,1.1161730000003445,10
omegacsd_HBFRAN,0.8568310000005113,10
omegacsd_HECHEC,0.8286600000001272,10
omegacsd_HEHVOF,1.4707170000001497,10
omegacsd_HEJTAR,9.428146999999626,6
omegacsd_HEKROE,0.94902299999967,10
omegacsd_HEKZAY,2.5958730000002106,10
omegacsd_HEMLOA,4.331549999999879,10
omegacsd_HEMWUR,0.20108100000015838,10
omegacsd_HEMXIG,0.46137799999996787,10
omegacsd_HEPGAK,1.9964429999999993,10
omegacsd_HEPKUI,1.2291220000006433,10
omegacsd_HEPYAC,5.486660000000484,7
omegacsd_HEVJAT,0.7859589999998207,10
omegacsd_HEVRIJ,3.8462740000004487,10
omegacsd_HEVXEL,1.2991590000001452,10
omegacsd_HEXFEV,0.4293710000001738,10
omegacsd_HEXYIS,1.4119760000003225,10
omegacsd_JOTDAX,0.788618999999926,10
omegacsd_JOXFIL,0.4912270000004355,10
omegacsd_JUBGES,0.8630749999997533,10
omegacsd_JUBJOF,0.3516540000000532,10
omegacsd_JUDLUP,2.568750000000364,10
omegacsd_JUDWEK,2.0362749999999323,10
omegacsd_JUHHEZ,0.6650209999997969,10
omegacsd_JUKZUK,2.0237559999995938,10
omegacsd_JUVPAR,0.681123999999727,10
omegacsd_KABJOM,1.09813800000029,10
omegacsd_KACKII,1.21425999999974,10
omegacsd_KAVLIC,0.7588569999988977,10
omegacsd_KAVNOK,1.363072000000102,10
omegacsd_KAXXAI,0.31728900000007343,10
omegacsd_KEBVES,1.6187540000000809,10
omegacsd_KECDUR,2.936482000000069,10
omegacsd_KEJBEG,2.50072899999941,10
omegacsd_KEJGEL,6.052551999999196,10
omegacsd_KEMHOZ,0.11399299999993673,9
omegacsd_KICRIX,2.142793999999867,10
omegacsd_KIFZAA,0.46335800000088057,10
omegacsd_KIHWAZ,1.7313330000006317,10
omegacsd_KIHWED,0.6128889999999956,10
omegacsd_KINJIA,1.5641679999998814,10
omegacsd_KIXLOS,0.5705120000002353,10
omegacsd_KOFKUL,5.212358999999196,10
omegacsd_KOFLIA,0.543765999999323,9
omegacsd_KOFLOG,1.978327000000263,10
omegacsd_KOFMIB,0.6700829999999769,10
omegacsd_KOJMEB,1.2202429999997548,10
omegacsd_KOKBIV,11.093108999999458,10
omegacsd_KOTGIJ,2.2109150000001137,10
omegacsd_KUBHEU,8.889704999999594,10
omegacsd_KUFPIK,0.7028940000009243,10
omegacsd_KUHNUW,2.4884759999995367,10
omegacsd_LABLOP,0.5530789999997978,10
omegacsd_LACCEX,1.8381059999996978,10
omegacsd_LACPAG,1.793735000000197,10
omegacsd_LADTOZ,1.8977609999992637,10
omegacsd_LANXED,0.6094000000002779,9
omegacsd_LAWJEY,0.3165229999995063,10
omegacsd_LAXWEM,0.6602399999997033,10
omegacsd_LEDWAS,1.6340789999999288,10
omegacsd_LEKMET,0.33215999999993073,10
omegacsd_LELROJ,2.630616999999802,10
omegacsd_LEMXIK,4.275556999999935,10
omegacsd_LERKAU,0.6976079999994909,10
omegacsd_LETBAN,2.1656819999998334,10
omegacsd_LETBUH,0.22150399999964066,10
omegacsd_LEVTOV,1.9787930000002234,10
omegacsd_LEZGOM,0.8751790000005712,10
omegacsd_LIKBUC,11.09922800000004,10
omegacsd_LIKGIV,1.195292000000336,10
omegacsd_LIKMEX,2.549004999999852,10
omegacsd_LINLAV,1.2792869999993854,10
omegacsd_MAMNAQ,1.0693449999989753,10
omegacsd_MATSTA10,0.5656760000001668,10
omegacsd_MBZTZT10,1.6538030000001527,10
omegacsd_MICONZ,7.672861000000012,10
omegacsd_MINTSA,2.6424559999995836,10
omegacsd_MLDPHE10,0.27839899999889894,10
omegacsd_MOPBZA,6.796921000000111,10
omegacsd_MRMPYR,2.4000580000010814,10
omegacsd_MTBPNP,1.4787020000003395,10
omegacsd_MVERIQ,6.848737000000256,10
omegacsd_NADYIA,1.2704420000000027,10
omegacsd_NADZIB,1.3085199999995893,10
omegacsd_NBPENC,1.1836280000002262,10
omegacsd_NFCSEY,0.3201480000002448,10
omegacsd_PACVUK,3.316020000000208,10
omegacsd_PAPPHI,0.38008999999965454,10
omegacsd_PBBSHD,5.50004700000045,10
omegacsd_PBYXCH,1.7508840000009513,10
omegacsd_PCPTZA,0.8845020000003387,10
omegacsd_PEBHAF,0.5022380000000339,10
omegacsd_PEKCEO,5.549820999999611,10
omegacsd_PEPHEX,7.189519000001383,9
omegacsd_PEXFED,0.0,1
omegacsd_PEXJEH,1.414122999999563,10
omegacsd_PIBSXM,0.36411299999963376,10
omegacsd_PIDSIE,1.1118390000001455,10
omegacsd_PIDWOO,4.664560000000165,10
omegacsd_PIKDIW,1.5094779999999446,10
omegacsd_PILCOC,0.8564509999996517,10
omegacsd_PINSAG,3.8006960000002437,10
omegacsd_PKOJSI,1.926335999999992,10
omegacsd_PMAANO01,2.9637549999997646,10
omegacsd_PMANAQ,1.0625439999994342,10
omegacsd_PMBSAN10,0.6815739999992729,10
omegacsd_PMCPRC10,0.6429130000005898,10
omegacsd_PMEPEN,1.9201100000000224,10
omegacsd_PMPAIN,1.1927679999998873,10
omegacsd_PMPBTZ,1.384900000000016,10
omegacsd_PMTSZD,0.9529369999991104,10
omegacsd_PNBPIP,0.5062780000002931,6
omegacsd_PNPAUR,0.853280000000268,10
omegacsd_PONXUL,7.1332290000000285,9
omegacsd_PTHPAL,0.6186940000006871,10
omegacsd_PXBVCP10,2.633726000000024,10
omegacsd_PXEZSD,6.099309000000176,10
omegacsd_PXMPEN,2.35775300000023,10
omegacsd_PYMSBZ,5.057206999999835,10
omegacsd_QQQHDG10,0.7025100000000748,10
omegacsd_SADXIE,0.2525070000001506,10
omegacsd_SAGMUI,1.419292000000496,10
omegacsd_SAGWOM,1.0964369999996961,10
omegacsd_SAVXOC,1.1791809999995166,10
omegacsd_SAVYET,1.4987460000002102,10
omegacsd_SAVZEU,1.908820999999989,10
omegacsd_SAWZUL,1.616968999999699,7
omegacsd_SEFLIY,0.9416540000001987,10
omegacsd_SEMDET,0.8441899999997986,10
omegacsd_SEMXEN,0.5491380000003119,10
omegacsd_SEYMIS,0.5369810000001962,10
omegacsd_SEYPUH,0.635197000000062,10
omegacsd_SFDMOX,1.0365769999993972,10
omegacsd_SIFJIA,0.5036529999997583,10
omegacsd_SIHDES,3.708119999999326,10
omegacsd_SIHDIW,2.285456000000522,10
omegacsd_SIHGIZ,2.268622999999934,10
omegacsd_SIHVUA,1.429751000000124,10
omegacsd_SILTUC,2.030029000000013,10
omegacsd_SINKUV,1.124938000000384,10
omegacsd_SISYIC,0.41336499999943044,10
omegacsd_SIZDOU,5.341091000000233,6
omegacsd_SLFNMB04,0.7672910000001139,10
omegacsd_SLFNMF02,0.8719940000000861,10
omegacsd_SOPNAM,1.4530019999992874,10
omegacsd_SOPSIZ,3.2746259999994436,10
omegacsd_SORCOR,0.6885660000007192,10
omegacsd_SOWCOW,1.2764479999996183,10
omegacsd_SPIRIL,6.293094999999084,10
omegacsd_SUKPET,1.1991829999997208,5
omegacsd_SURREC,2.8875789999992776,10
omegacsd_TAJSEC,6.170188000000508,10
omegacsd_TANNOL,3.181618999999955,10
omegacsd_TAPBZO,0.7152219999998124,10
omegacsd_TAPSOS,0.24705300000005082,10
omegacsd_TAPZEP,2.2094880000004196,10
omegacsd_TAZPUF,1.5198539999992136,10
omegacsd_TAZXAT,0.4657070000002932,10
omegacsd_TECSUP,0.8073429999994914,10
omegacsd_TEDBUZ,0.9005409999990661,10
omegacsd_TEKBIU,0.06172999999944295,9
omegacsd_TPHPRO,4.956713000000491,10
omegacsd_VADTAV,0.8533999999999651,10
omegacsd_VAMBOA,15.577297000000726,10
omegacsd_VAMCUH,0.8179179999997359,10
omegacsd_VAYXOI,1.0412729999998191,10
omegacsd_VEMCIZ,5.4221520000000965,10
omegacsd_VENRUB,0.5290669999994861,10
omegacsd_VEXROF,3.8157540000001973,10
omegacsd_VEYRAS,5.312957000000097,10
omegacsd_VIBNID,1.217939999999544,10
omegacsd_VIBWIM,1.2680059999993318,10
omegacsd_VIMYUL,3.6695089999993797,8
omegacsd_VIPHOR,2.8272580000002563,10
omegacsd_VOPDIN,0.42785099999946397,10
omegacsd_VORBAF,0.7525859999996101,10
omegacsd_VORDAH,10.434504000000743,10
omegacsd_VORJER,4.839356000000407,10
omegacsd_VOWXEK,3.0577159999998003,10
omegacsd_VOXHAR,1.5132900000007794,10
omegacsd_VOXMOK,0.36092099999859784,10
omegacsd_VOXNOL,1.0169180000002598,10
omegacsd_VUGDEG,0.8049880000007761,10
omegacsd_VURTOR,0.39710699999977805,6
omegacsd_VUSKID,1.6286000000000058,10
omegacsd_WAMZAL,2.5273669999996855,10
omegacsd_WASTEP,1.7268190000004324,10
omegacsd_WAVTIW,1.3917999999994208,10
omegacsd_WEBCOV,1.044529999999213,10
omegacsd_WELGAV,0.3459789999997156,10
omegacsd_WESFOP,1.2538230000000112,10
omegacsd_WESZOJ,0.5080119999993258,10
omegacsd_WEVTIA,0.5299010000007911,10
omegacsd_WEXBEG,2.2864790000003268,10
omegacsd_WIDDIW,0.8089519999994081,9
omegacsd_WIFREI,2.27714399999968,10
omegacsd_WIKJOP,2.2396020000001045,10
omegacsd_YABKOB,5.886513999999806,10
omegacsd_YAGWOS,0.4071589999994103,10
omegacsd_YAHBOY,1.0358470000001034,10
omegacsd_YAHFAO,1.445622000000185,10
omegacsd_YAYDEH,0.8839140000000043,9
omegacsd_YAZBAC,1.6156110000001718,10
omegacsd_YAZHUC,2.7690880000000107,10
omegacsd_YEMNEJ,4.794810999999754,10
omegacsd_YENLEI,1.7221269999995457,10
omegacsd_YESPIV,2.0093729999998686,10
omegacsd_YEYVED,2.04471999999987,10
omegacsd_YICPIJ,0.6584859999993569,10
omegacsd_YIHJAA,1.7033119999996416,8
omegacsd_YILDOM,1.8891679999996995,10
omegacsd_YINDII,4.559528999999657,10
omegacsd_YITLES,6.26997799999981,10
omegacsd_YOPRAW,1.4079499999998006,10
omegacsd_YOPWOP,3.3935849999998027,10
omegacsd_YOSMOI,0.6264529999998558,10
omegacsd_YOWVOV,5.9247510000004695,10
omegacsd_YOWYAK,1.608023000000685,10
omegacsd_YOXDEU,1.5599169999995866,10
omegacsd_YUKKUK,5.894883999999365,10
omegacsd_YUKNAT,2.1168369999995775,10
omegacsd_YULXIM,1.553487999999561,10
omegacsd_YULZOU,5.4536559999996825,10
omegacsd_YUYJEH,1.2171929999994973,10
omegapdb_1b6l,5.116623000001709,10
omegapdb_1bhx,9.482490000000325,10
omegapdb_1bto,1.5495099999998274,10
omegapdb_1c1u,1.0658970000004047,10
omegapdb_1d09,5.6983079999995425,10
omegapdb_1d3g,1.471371999999974,10
omegapdb_1d3h,0.5879810000001271,10
omegapdb_1d4i,11.404484000000593,6
omegapdb_1d4l,2.182812000000922,10
omegapdb_1d8d,10.174721999999747,10
omegapdb_1dfo,7.4475579999998445,10
omegapdb_1e2m,1.2291919999997845,10
omegapdb_1eby,24.43770500000028,9
omegapdb_1ec0,25.05840999999964,8
omegapdb_1exa,3.7363679999998567,10
omegapdb_1ezf,5.909810000000107,9
omegapdb_1f06,4.758241999999882,10
omegapdb_1f8b,5.654221000000234,10
omegapdb_1fm9,9.440612000000328,10
omegapdb_1g2k,10.51296899999943,9
omegapdb_1g4s,4.650805000000219,10
omegapdb_1g6c,9.631459000000177,10
omegapdb_1gj6,0.19223299999976007,8
omegapdb_1gja,1.2088529999991806,10
omegapdb_1gs5,4.41219000000001,10
omegapdb_1gse,4.398568000000523,10
omegapdb_1gz8,1.006702000000132,10
omegapdb_1h1p,1.5722979999995914,10
omegapdb_1h1s,1.2439400000002934,10
omegapdb_1h2k,0.18427100000008068,10
omegapdb_1h6h,11.417159999999967,10
omegapdb_1hwk,8.298666000000594,9
omegapdb_1hyo,0.7127040000000306,10
omegapdb_1ik4,2.724232000000029,10
omegapdb_1is0,2.813809000000674,10
omegapdb_1iy7,2.8340910000001713,10
omegapdb_1j3f,0.9258389999995416,10
omegapdb_1jsl,3.073628000000099,10
omegapdb_1k2t,0.9755700000005163,10
omegapdb_1k2u,0.321624000000611,10
omegapdb_1koj,10.626326999999947,10
omegapdb_1kz8,4.107989999999518,10
omegapdb_1l7g,4.374406000000818,10
omegapdb_1lww,0.0,1
omegapdb_1m2x,4.976920000000064,10
omegapdb_1m5b,0.5529759999999442,10
omegapdb_1m5d,3.551095999999916,10
omegapdb_1m5f,1.348414000000048,10
omegapdb_1n2b,0.20132599999988088,10
omegapdb_1n3z,4.599017000000458,10
omegapdb_1nms,9.141678000000866,10
omegapdb_1nnk,6.886206000000129,10
omegapdb_1nqu,5.577895999999782,10
omegapdb_1nqv,9.768577000000278,10
omegapdb_1o2q,1.2002529999999751,7
omegapdb_1o2y,2.056550999999672,10
omegapdb_1o37,0.6873029999997016,6
omegapdb_1o3l,0.28206999999929394,8
omegapdb_1o3m,0.5663939999999457,10
omegapdb_1ofd,0.11705399999982546,10
omegapdb_1oiu,2.900383000000147,10
omegapdb_1oks,11.586041000000023,10
omegapdb_1p1o,5.37701600000014,10
omegapdb_1pa9,0.8578720000002704,10
omegapdb_1pck,7.449174999999968,10
omegapdb_1q72,1.3648049999992509,10
omegapdb_1q91,1.1926739999998972,10
omegapdb_1qnf,5.244716000000153,10
omegapdb_1qxw,9.382638000000043,10
omegapdb_1qy5,7.28450199999952,10
omegapdb_1r34,3.376123000000007,10
omegapdb_1r4p,0.49108899999964706,10
omegapdb_1r6w,2.661322999999811,10
omegapdb_1rf6,4.301518999999871,10
omegapdb_1ros,14.969609000000673,10
omegapdb_1s63,7.176138000000719,10
omegapdb_1s8j,2.2669439999999668,10
omegapdb_1sa4,1.3450089999996635,10
omegapdb_1syh,0.666580999999951,10
omegapdb_1t32,10.318858000000546,6
omegapdb_1toj,0.32273199999963254,10
omegapdb_1uf5,4.006111000000146,10
omegapdb_1uf7,0.9100269999999,10
omegapdb_1uf8,1.9336590000002616,10
omegapdb_1ur8,4.674334000000272,10
omegapdb_1urw,6.569405999999617,10
omegapdb_1utt,0.9136379999999917,10
omegapdb_1uu9,3.780595000000176,10
omegapdb_1uwc,0.8292629999996279,10
omegapdb_1uy8,1.7426489999998012,10
omegapdb_1v2k,1.0859790000004068,10
omegapdb_1v2n,1.854656000000432,10
omegapdb_1v97,0.46347100000002683,10
omegapdb_1w1q,0.8383340000000317,10
omegapdb_1w4l,9.73039499999959,3
omegapdb_1w5v,22.422379000001456,9
omegapdb_1w7x,8.292050000000017,8
omegapdb_1w9u,1.604083000000628,10
omegapdb_1wvj,0.9234780000001592,10
omegapdb_1xap,1.5973229999999603,10
omegapdb_1xge,0.8451410000000124,10
omegapdb_1xn0,5.259429999999156,10
omegapdb_1xom,2.0143129999996745,10
omegapdb_1xon,1.652828000000227,10
omegapdb_1xp0,8.706210000000283,10
omegapdb_1xqc,0.8832260000008318,10
omegapdb_1y6q,1.9516709999998056,10
omegapdb_1yc1,0.9481390000000829,10
omegapdb_1yc4,0.489430999999513,10
omegapdb_1yc5,1.0177770000000237,6
omegapdb_1yvx,0.8793670000004568,10
omegapdb_1z1r,0.0,1
omegapdb_1zvx,4.2023840000001655,10
omegapdb_1zz2,9.061711999999716,10
omegapdb_2aj8,0.5326620000005278,7
omegapdb_2aw1,0.5808660000006967,10
omegapdb_2ayr,4.461189999999078,10
omegapdb_2b7d,2.949529000000439,10
omegapdb_2bgd,4.708337999999458,10
omegapdb_2brc,1.1958230000000185,10
omegapdb_2btr,1.7021029999996244,10
omegapdb_2bts,0.4234529999998813,10
omegapdb_2byh,5.7596620000003895,10
omegapdb_2byi,11.145198000000164,10
omegapdb_2c4w,0.7349190000004455,10
omegapdb_2cbs,2.0009909999998854,10
omegapdb_2cji,6.577103000000534,10
omegapdb_2evc,0.5660929999999098,10
omegapdb_2ewb,6.348985999999968,10
omegapdb_2f14,6.683289999999033,7
omegapdb_2f34,4.283269999999902,10
omegapdb_2f4j,4.196295000000646,10
omegapdb_2f6v,4.5531169999994745,10
omegapdb_2f70,9.429516999999578,10
omegapdb_2f71,3.1840530000004037,10
omegapdb_2f7p,4.006922000000031,10
omegapdb_2flb,1.1876940000001923,10
omegapdb_2fm0,9.878663999999844,5
omegapdb_2fqt,7.883289000000332,10
omegapdb_2fyv,14.776218999999855,10
omegapdb_2g8n,4.152364999999918,10
omegapdb_2ggd,1.12586199999987,10
omegapdb_2gss,4.715679999999793,10
omegapdb_2h03,10.969951000000037,10
omegapdb_2h42,4.8466649999991205,10
omegapdb_2hb1,0.5208339999999225,10
omegapdb_2hd6,0.6449710000001687,10
omegapdb_2i0a,16.376368999999613,10
omegapdb_2iko,0.5816769999992175,10
omegapdb_2iuz,3.275659999999334,10
omegapdb_2izl,5.686165999999957,10
omegapdb_2j34,4.706597000000329,10
omegapdb_2j47,4.186407999999574,10
omegapdb_2j4i,10.907178999998905,10
omegapdb_3cbs,1.7590000000000146,10
omegapdb_6prc,3.9105449999999564,10
