name, len, mare, rsq, spearman, slope, intercept
astex_1g9v,44,8.44917743613,0.938370221937,1.0,4.23943042789,-17231.4809994
astex_1gkc,50,10.0914913957,0.206144710606,0.0,1.42126630584,-2823.15056209
astex_1gm8,32,1.12418758434,0.0211369130434,-0.1,0.459954277781,2164.41173372
astex_1hnn,24,1.03000553852,0.780513212791,-1.0,-8.68366895667,25818.1608342
astex_1hp0,32,8.62400427059,0.985635427447,-0.9,-12.6686429308,52107.2161558
astex_1hq2,32,3.00825561358,0.00407257584501,0.6,1.01315029573,-493.810481131
astex_1hvy,34,4.04361876919,0.0311564486187,-0.2,-0.176736936906,6934.68289118
astex_1hwi,44,1.10943876328,0.982826079869,1.0,2.13036463816,-6935.6646102
astex_1ia1,32,1.60581365766,0.637330485031,0.9,2.12140319853,-4052.23720692
astex_1ig3,34,2.77968571066,0.683771529372,0.9,3.22325416794,-8544.41271722
astex_1j3j,30,1.91423674891,0.471199987551,0.2,9.16248403132,-27056.2824034
astex_1jd0,36,0.569668203863,0.265822970685,0.3,5.93402429275,-12202.605148
astex_1jje,40,3.66433410908,0.000461565302792,0.3,-0.16120076314,5544.56045961
astex_1jla,50,2.11252871296,0.426399682064,-0.7,-0.722398185302,9673.80806968
astex_1k3u,36,8.61811946724,0.320312920739,-0.4,-7.20689607377,33114.962212
astex_1ke5,42,0.915013109892,0.253821231688,-0.5,-9.48221280878,45593.1204421
astex_1kzk,48,18.1639706279,0.923861223444,-1.0,-8.42339997343,80968.5969126
astex_1l2s,40,1.75276171325,0.15000694637,-0.7,-3.65183694191,13882.0289755
astex_1l7f,34,2.91941109365,0.714646361751,-1.0,-0.143562519473,5724.34722124
astex_1lrh,40,0.520956597861,0.543732262191,-0.6,-4.56431147258,15073.5091201
astex_1m2z,42,1.56951357592,0.221151868752,0.5,1.48537202858,-2971.01483959
astex_1meh,46,2.77729032925,0.0252396341644,-0.1,0.680378145392,1382.1193243
astex_1mmv,38,5.43477222195,0.293235579886,-0.3,-8.19521210318,31720.4213051
astex_1n1m,30,0.970744717996,0.109135167906,-0.1,2.00631732941,-3220.41672958
astex_1n2j,34,7.27313137843,0.981295244282,-0.7,-5.57252736328,14828.1417139
astex_1n2v,32,2.93228277699,0.782097226159,-0.9,-65.1457587681,208806.702828
astex_1n46,36,2.98091535323,0.363560535442,0.3,4.19872797957,-17788.8567667
astex_1nav,46,4.15774568822,0.297544584157,0.1,3.55622734059,-10771.8827476
astex_1of1,34,1.44270543678,0.0226096136767,0.3,-1.60337379831,9618.51190909
astex_1of6,34,1.01082755791,0.823044062081,-0.9,-6.10476765797,17706.4001301
astex_1oq5,24,9.42251112148,0.995649985666,-1.0,-4.73147981455,25963.137079
astex_1owe,32,1.61491581191,0.418944082393,0.3,3.36196693424,-9811.81969002
astex_1p2y,30,2.97409419863,0.238437887366,-0.6,-4.1094030493,13694.0084574
astex_1p62,32,8.5590859767,0.307168773286,0.5,5.3793544188,-14699.5131613
astex_1q1g,34,6.2723821647,0.684408994545,-0.9,-8.39608568557,36678.9187068
astex_1q4g,32,0.734550993728,0.261601581132,-0.1,-2.52827736955,12148.0152762
astex_1r55,40,5.53080369305,0.0655378889722,-0.6,-0.411998719635,7323.700497
astex_1r58,40,25.3930980762,0.0048880595187,-0.4,-0.549652366662,7130.46628185
astex_1r9o,40,0.281524376066,0.219768610893,0.9,2.31425608758,-4368.60910591
astex_1sg0,30,3.04165161345,0.979775345315,0.5,2.83451490165,-5875.44819892
astex_1sq5,32,5.62873437711,0.434905159094,0.7,1.34256955723,-1461.51127994
astex_1t40,42,0.52844751164,0.739417346014,1.0,0.601256012398,1684.55081188
astex_1t9b,32,1.01831122851,0.332152757316,0.6,2.19198686347,-5580.54730763
astex_1tow,46,0.538206785893,0.117496064746,0.4,5.54955442531,-17504.9306315
astex_1tz8,50,1.07160866829,0.000291381912261,-0.1,0.0875979521754,3950.57215853
astex_1u1c,48,1.15262353209,0.98928292105,1.0,12.4943901771,-47329.3660208
astex_1uml,32,27.4306512421,0.61748623364,-0.8,-7.09332345253,55413.3750483
astex_1unl,50,3.88580672607,0.00114879715999,-0.5,0.103616948686,4776.52895398
astex_1v0p,42,2.18874497826,0.579976226101,0.9,4.29033822787,-21398.9108982
astex_1v48,42,31.721787269,0.256936047962,-0.3,-6.59702517062,31121.6189258
astex_1v4s,42,2.03178265342,0.356520788815,0.5,4.52888887182,-14936.9125459
astex_1w2g,32,2.38771735123,0.0454247484278,0.1,0.323319337392,2045.34521725
astex_1xm6,44,7.17337650818,0.000398151598412,0.0,-0.137583062554,4492.45574157
astex_1xoq,36,24.7068662446,0.00726462352901,-0.1,-1.03108236985,8800.48343953
astex_1xoz,30,2.63221218792,0.814778815762,0.5,6.6524078754,-31986.8943719
astex_1yqy,34,2.2247182,0.0,nan,nan,nan
astex_1yvf,36,8.89110052879,0.00447440405208,-0.4,-0.639746502856,8230.0406027
astex_1z95,50,3.50623738069,0.176758886811,0.1,4.22128742706,-15322.8765946
astex_2br1,44,1.48742471382,8.14231331786e-05,-0.2,0.0405259320281,5276.39364562
astex_2bsm,38,1.4271398135,0.637522625008,-0.7,-6.32817029365,37254.7318776
omegacsd_ABHYTZ,48,2.30417354439,0.304227203704,0.2,4.63492600684,-12239.9773826
omegacsd_ABIMAZ,46,0.628243585069,0.260206704247,0.5,5.01830708191,-12754.7517624
omegacsd_ABSBPP,40,2.38400233741,0.633089126216,0.7,21.7699728503,-125445.800498
omegacsd_ABVPRO,42,0.988644405999,0.815882755129,0.9,3.12336969968,-9514.75349105
omegacsd_ABXBPC,32,2.17016909223,0.0282406401447,0.3,0.960198801588,-76.6491908656
omegacsd_ABZNPS,34,2.91859975962,0.0769134789903,-0.1,-7.78599805038,37016.7467026
omegacsd_ACENHT,50,2.93231919888,0.687830160023,-0.4,-1.15154950354,8490.16975748
omegacsd_ACPIXZ,36,1.706843727,0.226338680086,0.6,4.73859493428,-17488.8958694
omegacsd_ACTHBZ,38,3.07001763101,0.621587106886,0.9,4.09346208748,-14007.8961544
omegacsd_ADPRTR,32,9.71761828758,0.000753505780424,0.4,-0.153564555892,5746.7632831
omegacsd_AMOCMS10,42,0.8600693116,0.143439086203,0.0,2.36607156695,-5689.13740166
omegacsd_AMPDAM,32,1.12744963824,0.724678232273,-0.9,-13.4961561026,44831.9562298
omegacsd_ANOPPS,34,2.11931458377,0.0528248741804,0.2,-0.116678534384,4308.37306314
omegacsd_ANTZOA,38,0.270111302208,0.00377038201366,0.1,0.121063092196,3609.30149932
omegacsd_ANTZOB,50,0.731545957914,0.226568699255,-0.5,-1.35996545891,12054.7914314
omegacsd_AOPCHY,46,1.86131565951,0.427041174026,0.5,5.95795652252,-27730.510948
omegacsd_APRTAM,40,9.012515,0.0,nan,nan,nan
omegacsd_AURMIN,32,0.799038435747,0.559772286579,0.8,2.91640266733,-8527.44934716
omegacsd_AZLNPR,38,1.97550054809,0.546573836021,-0.3,-1.16297275506,8437.5002019
omegacsd_BAFJEX10,44,4.70586545681,0.84631342982,-0.8,-15.1355678249,69258.8826234
omegacsd_BAFREF,50,2.19178499676,0.731970623894,0.8,6.03672111776,-15577.4850387
omegacsd_BAFYOW,48,2.98445398842,0.00113397200786,0.3,-0.334451351588,6020.42469896
omegacsd_BAJZOB10,48,1.41180576083,0.0382611870544,0.6,0.419774248533,3110.37375917
omegacsd_BATROD,46,0.40389677784,0.216308044569,-0.5,-0.390634330827,4320.496851
omegacsd_BATXID,46,0.776241600001,0.0,nan,nan,nan
omegacsd_BAXOZO,48,0.52836067966,0.42721668369,0.5,3.05895545132,-6389.82581938
omegacsd_BBSPRT10,40,0.486397684764,0.108680734453,0.7,1.82947847448,-2287.72107976
omegacsd_BEDLUR,38,1.88929274951,0.470020543632,0.9,3.41423610326,-11066.5382874
omegacsd_BEHHOL10,32,1.32302977206,0.0103312607802,0.7,0.591809910295,1960.54519008
omegacsd_BEKDIE,48,2.00253283087,0.622146579836,0.7,3.45424455945,-9789.2168036
omegacsd_BELWOE,34,0.554028158559,0.351998899474,-0.8,-2.66778186084,11617.6329844
omegacsd_BENPRL,36,4.58167866741,0.0145045287819,0.0,-0.886760215857,10776.658996
omegacsd_BESCEH,50,0.918897515443,0.116107656568,-0.4,-1.92983127405,14908.5608379
omegacsd_BETFAH,36,0.318665439197,0.112373504548,0.4,0.692211842692,817.518618992
omegacsd_BEWLIY10,46,1.44875858663,0.764487887631,-0.9,-3.67939698337,18329.2284894
omegacsd_BEWLOE10,36,0.455583908809,0.057461446443,-0.6,-5.03818887407,21639.9549599
omegacsd_BEXVOP,38,0.871582709488,0.367204868225,0.6,6.3083400457,-23946.7267115
omegacsd_BHMPET,48,4.79341603842,0.0726019032386,-0.1,-3.72285804466,19342.8734886
omegacsd_BIBHID,36,1.43517733847,0.803366205411,0.4,1.64042081425,-3468.57648484
omegacsd_BIBSEK,38,4.70056326295,0.605138095042,0.7,4.15170271526,-16494.6961022
omegacsd_BSBTHP,48,0.587011533171,0.00241007597099,0.1,-0.27116466558,3487.28042736
omegacsd_BTHYDX,44,2.59493552564,0.836786485975,-0.7,-5.06255823508,22030.4067193
omegacsd_BUDCUY,48,1.33760572985,0.476945933302,-0.7,-3.31100163631,20810.9544554
omegacsd_BUFXOP,44,4.98820847709,0.00200165767068,-0.1,-0.185511051464,5639.65492852
omegacsd_BUHNIB,36,2.24717346522,0.133337755229,-0.1,4.59884394826,-19040.6861892
omegacsd_BUNFUL,34,2.86534369638,0.114972092336,-0.5,-1.50927085846,9453.76287994
omegacsd_BUSNIM,32,4.60164083153,0.871958133074,0.6,16.466127574,-58347.9219982
omegacsd_BUTDID,36,0.995178623327,0.762166879089,-0.7,-1.65049496419,8605.09272257
omegacsd_BUVYIA,40,2.45605967235,0.482719920273,0.9,5.61289836399,-20318.7742287
omegacsd_BUYZIE,32,3.2559542548,0.775216282337,-0.5,-6.76102293197,37370.5750504
omegacsd_BZAPCX10,50,0.426542456849,0.460973564517,0.6,1.75345033623,-3317.7700112
omegacsd_BZAPUC20,42,0.70523518754,0.0928239600679,-0.3,-1.29426419724,8486.65678705
omegacsd_CABCUD,50,1.5250256,0.0,nan,nan,nan
omegacsd_CAFGIZ,36,1.26517280471,0.0300166592234,0.0,5.79204076273,-20432.7448868
omegacsd_CAGXEN,36,1.28799122098,0.968787428917,0.7,7.22206763226,-21717.393887
omegacsd_CALLEG,46,0.191470152075,0.270639976239,-0.5,-0.488382847546,5099.88838524
omegacsd_CANPUC,34,3.38255094843,0.287819788248,0.1,5.50292463634,-18558.5360241
omegacsd_CARNID,32,2.16021214086,0.433434526414,-0.8,-7.62136492079,27506.7297361
omegacsd_CATXIE,38,1.32987473728,0.813195875608,1.0,4.3014598823,-16111.1759875
omegacsd_CAVNUI,48,2.41954365633,0.939404735525,-0.1,-1.68295149153,10065.2512264
omegacsd_CBSTHP,32,1.16347539182,0.169960248617,0.0,3.84958623755,-8351.05877087
omegacsd_CBZHYX,30,0.77479479545,0.328078901607,-0.7,-3.82353435922,15793.1224112
omegacsd_CEJTIU,32,2.41656331775,0.0727836239409,-0.2,-2.35344711001,15451.82887
omegacsd_CEKNOV,32,0.783958167342,0.000390221048225,-0.3,0.105408304635,3855.37730312
omegacsd_CELDEC,38,0.920174386583,0.0174195636782,0.0,-0.604524997856,5600.10726765
omegacsd_CELXOG,34,1.26164773981,0.876469190544,-0.9,-7.10373013646,34644.5354809
omegacsd_CENNIS,40,0.646423454527,0.0475641090348,0.9,0.122031597186,2946.95576057
omegacsd_CETZOQ,40,0.469554577536,0.0722314959836,-0.3,-2.77869857881,19857.6792516
omegacsd_CEVTUS,36,0.347411180808,0.693521501609,0.7,2.41059545801,-6638.90819263
omegacsd_CEWFUF,34,1.32404793086,0.0528564514281,0.2,1.54231453494,-3011.88970844
omegacsd_CFBPBI,44,22.8409377587,0.977739668641,-0.6,-18.429195661,112453.825772
omegacsd_CIBPEI,36,0.310877401144,0.69052967925,-0.6,-4.60465025639,22919.6561514
omegacsd_CIBPOS,32,0.417123108219,0.041502527089,0.1,-0.420539884886,5016.27862231
omegacsd_CIDSIR,38,3.3504512,0.0,nan,nan,nan
omegacsd_CIHFAA,38,1.30852221367,0.469521161641,0.7,7.28697822498,-28727.545747
omegacsd_CIHJAE,34,0.777933184138,0.792444970932,1.0,1.80392288376,-4403.34085529
omegacsd_CIJFEG,32,4.60906490418,0.0488783898594,0.1,6.02074471846,-23054.8820708
omegacsd_CIJVAS,50,7.52636908781,0.908239101389,-0.8,-7.11890516518,44227.5285028
omegacsd_CIPXEE,46,0.483421660973,0.48096039605,-0.7,-9.43655355909,43128.7891869
omegacsd_CIXFIY,50,0.486156649042,0.258520692935,0.5,2.92985141115,-7981.16566772
omegacsd_CIXTOS,30,11.8143987522,0.719991638613,-0.9,-5.60341020847,29393.5004502
omegacsd_CLPHAC,48,1.60362422236,0.0409874060244,0.5,1.76684611911,-2265.26051885
omegacsd_CLPNXA,42,9.8159183773,0.766197257301,0.5,17.8764054545,-94849.1849484
omegacsd_CLPSAM,36,0.332257451801,0.0427471293908,-0.1,0.194504270813,2440.45472246
omegacsd_CLPTBU,50,1.03497184207,0.306200887705,-0.6,-0.820203648779,5993.91056639
omegacsd_CMANPQ,44,2.420992647,0.92272740861,1.0,4.84103797139,-19554.5664741
omegacsd_CMAPTX,36,5.38805863,0.930760915028,0.8,24.2247456112,-97376.5591738
omegacsd_CMPEPI,36,0.703444889818,0.176561296899,0.2,2.13932777221,-4033.85508517
omegacsd_CMSMOC,36,1.58366775791,0.246811688325,0.6,1.06871690181,-591.192033556
omegacsd_CMXPMB,32,1.51908561876,0.146384787956,0.7,3.51135730582,-11112.439479
omegacsd_CMXPYO,40,2.1944382011,0.128644843278,0.3,7.69001598838,-35004.7844798
omegacsd_CNBPCT,50,5.64176079397,0.78778330136,-0.9,-4.9236759951,32230.4176916
omegacsd_CNINDO,36,0.569742030326,0.626483437339,-0.7,-2.18136544167,14776.5656525
omegacsd_COCHOL,36,7.18695100706,2.14591062204e-06,-0.1,0.0151572802742,7462.53925276
omegacsd_CODYUP10,50,0.821296615537,0.189815215209,0.6,4.52426668393,-14519.6513444
omegacsd_COFHIO10,50,2.53545636247,0.0191345325202,-0.3,1.52768339605,-2213.83576495
omegacsd_COKBOT,38,2.30180230593,0.957876236984,0.7,9.45806600117,-47140.7848516
omegacsd_COKSUQ,50,2.88811059712,0.0217142859608,0.5,-0.833976879368,9635.79899362
omegacsd_COKTAX,50,3.8354778069,0.270444702556,-0.1,-10.2468986638,63277.7116068
omegacsd_COTXUE,50,3.92355,0.0,nan,nan,nan
omegacsd_COVXIU,32,2.68723273743,0.385316329693,0.3,16.6571945869,-59978.2888109
omegacsd_COYHUT10,42,2.89738446633,0.38333363085,-0.5,-1.06454965592,11270.2577951
omegacsd_COYPIP,38,1.58581622404,0.255222194492,-0.2,-2.90342495475,14219.2604326
omegacsd_COYTOZ,44,1.06328864578,0.00630458892306,0.3,0.277469712329,3272.06190637
omegacsd_COYVIV,48,0.512930891361,0.121839848249,-0.3,-0.765921021534,5095.59038627
omegacsd_COZFOM,44,2.84841816813,0.152770452514,0.3,11.7191211989,-60896.6761896
omegacsd_CPIPLA,42,0.653065434541,0.0752615645182,0.3,3.14977252262,-9177.29733482
omegacsd_CPPHAM,42,0.313140997064,0.000452306000132,0.3,-0.0977854910409,3641.92207625
omegacsd_CPQZOL,42,0.80620368068,0.200250283559,0.3,1.6929792538,-3355.29848126
omegacsd_CPYPTZ,44,1.71723338949,0.166882424031,0.3,-2.3189642735,15043.5130142
omegacsd_CUHNEY10,44,1.93024494954,0.0925116855064,0.3,1.35989369168,-2482.04041419
omegacsd_CUJSAB,48,0.804979945428,0.0550274692226,-0.1,1.08730828445,-655.339139106
omegacsd_CUNTIO,34,1.533566,0.0,nan,nan,nan
omegacsd_CUSLUX,50,1.37631657366,0.213728812282,-0.1,-18.6592302231,82890.1529699
omegacsd_CUWRIV,38,1.48596095244,0.0608782376497,0.6,1.13527216363,-597.394281975
omegacsd_CYCLIZ10,34,1.24249095322,0.787701194753,1.0,4.83745094733,-17081.4700162
omegacsd_DABGUI,50,3.08913123222,0.260303686227,-0.5,-46.7114297181,187573.813918
omegacsd_DADDUH,40,0.151537273899,0.284892121615,0.3,0.401040644044,2112.02860291
omegacsd_DAFTOT,42,3.0099752,0.0,nan,nan,nan
omegacsd_DAFVUB,40,1.75543967706,0.00787819387521,0.6,-0.17843402009,7196.83756047
omegacsd_DAHNIJ,36,7.04598953096,0.960542571854,-0.8,-11.0627683335,46375.0978787
omegacsd_DAKGEB,42,1.0648338,9.0779212505e-26,nan,-0.8,7432.27717875
omegacsd_DANNEL,42,1.18311482577,0.812037027276,0.9,2.73268067388,-7280.84211171
omegacsd_DAWRAU,42,0.929808241018,0.0444974810371,0.1,-2.33561021721,11583.9786311
omegacsd_DCTXAN,38,0.866868919527,0.55127275495,-1.0,-4.78372889055,19092.0935358
omegacsd_DEBBOB,50,1.38093085178,0.590816539404,-0.7,-5.13350464182,32439.8384313
omegacsd_DEBFAR,30,0.869875519854,0.297541463819,-0.3,-2.21101333578,12918.7636469
omegacsd_DECZIU,36,1.03068347114,0.130212182874,0.1,1.17027818087,-734.257704826
omegacsd_DENBUT,38,1.05472641334,0.296999466585,0.8,4.29599032926,-12945.6161009
omegacsd_DENDAC,46,0.496379945719,0.00323760660486,0.1,-0.147914066569,4558.73850259
omegacsd_DERZAB,34,2.44043911639,0.209805145268,0.6,3.55889488414,-10019.2315719
omegacsd_DIAVER,46,1.58739255799,0.563452611914,0.6,15.8512676153,-60055.7676324
omegacsd_DIGSIV,48,1.2595645737,0.0656244020129,-0.3,0.322712611582,2905.73624793
omegacsd_DIPJAN10,34,4.11228096618,0.0540543329462,-0.7,-0.588719328142,7792.63669469
omegacsd_DISHOC,40,1.81086217937,0.161823552446,0.1,1.06086404516,-200.830312077
omegacsd_DIWPUU,32,3.12997111536,0.93082755628,-0.9,-1.47618876095,13846.6955593
omegacsd_DIWWUB,34,0.61810660385,0.101192662733,0.3,1.90115163452,-3894.70138338
omegacsd_DIZREJ,32,0.899245287677,0.000489876413909,0.1,0.312073798847,2868.32878141
omegacsd_DIZWAK,34,0.279074849381,0.162540444327,0.1,0.601620954998,1308.98276604
omegacsd_DOHREX,38,2.045642,0.0,nan,nan,nan
omegacsd_DOLJIX,36,1.32049399409,0.0626504253881,-0.2,-2.28596672448,12856.1764605
omegacsd_DOPXIP,30,1.32243556082,0.979786323729,0.9,2.26438757343,-7290.36524382
omegacsd_DOTFEX,36,2.1270824699,0.985456326337,-0.9,-3.6036632292,18761.2245752
omegacsd_DOXANN,38,0.671832547556,0.390831626681,0.7,1.15358539639,-585.676748304
omegacsd_DUDNUL,44,1.39111983596,0.732393133357,-0.4,-14.7062491212,64576.889559
omegacsd_DUDPAT,42,0.676033573234,0.221508562991,0.2,1.63540086786,-2824.96987518
omegacsd_DUHSUU,40,0.545291218917,0.572096284149,0.7,1.30183179778,-1569.1343612
omegacsd_DUMTAG,48,1.22219585619,0.0766893815327,-0.5,-1.54699461715,11979.8751576
omegacsd_DUPKII,48,1.27522070734,0.929329395984,-1.0,-2.56411637408,16192.1399267
omegacsd_DUXYOK,34,1.83828748976,0.656988962311,-0.5,-5.07715812995,29111.4734483
omegacsd_DUZDAD,32,1.68033336413,0.83847667727,-0.9,-10.1327955099,57668.8172278
omegacsd_EBTNIC,42,1.74048922309,0.147037896901,0.5,3.16286113469,-13873.7808861
omegacsd_ECBHMP,32,0.441542963032,0.00303494024994,-0.1,-0.289552475264,5828.72771829
omegacsd_EHMPYX10,34,0.41418629581,0.47862069965,0.8,1.83786585417,-3671.84285377
omegacsd_EITDZL,34,1.05310261122,0.559769989967,0.5,4.47569795029,-17324.6418527
omegacsd_EMZPPO,50,0.499355550263,5.71343504188e-05,0.2,0.0203912622832,4027.48404028
omegacsd_EPCMPO,40,0.788157680281,0.00288022740159,0.1,0.302194286348,3096.74644582
omegacsd_EXOADN,32,1.38305530362,0.0363369359105,-0.1,-2.36103253143,12997.6200278
omegacsd_FABSOQ10,36,2.70566587905,0.948898925339,1.0,10.2432391539,-45020.8799586
omegacsd_FABWUA10,30,1.53886525738,0.984937515775,0.7,1.21650172959,-1146.614113
omegacsd_FACCER10,34,0.46500964707,0.214964888938,-0.2,-3.36910162535,19836.9347855
omegacsd_FAHTUD,30,2.02272734718,0.759629363394,0.9,4.56025230474,-16769.0387592
omegacsd_FAHXIV,44,2.54223825572,0.911752397338,0.3,6.12253429481,-22979.8512475
omegacsd_FAJVAN,38,3.50962896096,0.956275694739,0.8,0.288914160965,2245.04254641
omegacsd_FANPUF,42,10.5633433353,0.000327913809469,0.2,-0.110011292502,6714.91274102
omegacsd_FAVYEG,48,0.395475994439,0.607670179065,-0.3,-5.25947040255,22559.2044591
omegacsd_FAWREA,38,0.931121123898,0.120386777869,0.5,1.21856839058,-1109.58568007
omegacsd_FAXPUP,50,2.24966211213,0.0177206677275,-0.4,0.308709065167,3417.28031028
omegacsd_FBPAZD,48,3.34274181358,0.19950829745,0.6,1.59492983043,-3854.40425911
omegacsd_FECPUY,32,6.98897697935,0.994949478636,0.2,11.1859954702,-42349.5061291
omegacsd_FEFPOV,34,1.54532276299,0.326193215445,0.3,4.62024914748,-14853.4583188
omegacsd_FEKYEZ,44,0.607735353813,1.41339539236e-05,0.6,0.0330743478968,3289.66590338
omegacsd_FEMMAL,46,1.59754817268,0.652099791268,0.6,1.37421436303,-2025.01370652
omegacsd_FEVZUB,44,0.841479069644,0.773726509575,-0.8,-2.61281847293,13312.3799881
omegacsd_FEWBAK,40,1.64726803574,0.836348101925,1.0,7.27194005321,-32316.9709737
omegacsd_FEYJEY,50,7.05914668836,0.448005972578,-0.7,-8.74795357417,53796.3231863
omegacsd_FEYKUP,34,0.865069304951,0.214987156636,0.7,0.981412452428,12.2137128069
omegacsd_FHFPBY,36,3.32956264083,0.213683372007,-0.6,-4.00574350298,26244.5975159
omegacsd_FIBREN,48,2.21577788488,0.0400837520328,-0.3,0.694213341483,1073.41745552
omegacsd_FIJJUD,38,1.12506557447,0.508650525327,0.8,16.3249146978,-68110.7805196
omegacsd_FIVPUV,44,2.59767148639,0.00837263761148,-0.3,1.10055793887,-485.991215518
omegacsd_FIWLUS,48,2.35087906677,0.905015940959,-0.7,-4.40981742049,13477.6688435
omegacsd_FIXNUV,38,0.7373641514,0.345361447474,0.5,0.988594657266,-238.385853412
omegacsd_FLPNTX10,50,1.75428385688,0.00415428307887,-0.2,-0.181127885851,6875.41607282
omegacsd_FOBZIF,50,1.54528087632,0.914265921002,0.5,4.71614745164,-15865.3985436
omegacsd_FOGWAZ,44,4.05611853867,0.0798543533107,0.0,2.84003891402,-10930.0033701
omegacsd_FOJZUZ,50,0.701010960294,0.41939233342,0.8,2.57329759332,-5338.78773962
omegacsd_FOLMEY,48,10.1498048761,0.82349376376,-1.0,-21.8481268219,81470.7509792
omegacsd_FOLYIO,46,0.932924242543,0.784623166729,-0.5,-6.21422410182,39879.1350344
omegacsd_FOMDUG,44,1.32559196966,0.689522196643,1.0,8.70521191039,-32136.0138255
omegacsd_FOPMIG,32,0.285789953064,0.175706447144,-0.6,-1.06553085089,6995.29600339
omegacsd_FOWPOW,30,0.418620120637,0.986652823016,1.0,2.24494953598,-4950.89127411
omegacsd_FOYLIO,34,3.17851896751,0.0520618019828,-0.2,3.48044218443,-12816.8491472
omegacsd_FPAMCA,42,1.77725921349,0.436020800763,-0.7,-14.4909429331,51633.5012727
omegacsd_FUCFIS,30,0.639525357582,0.156468946431,-0.3,-0.249024287711,4690.95914419
omegacsd_FUDVUV,30,2.12300043495,0.348911711793,-0.3,-36.5147249429,125308.72024
omegacsd_FUGSIJ,34,1.21328483976,0.00331177512297,-0.1,0.186992365959,3610.63988059
omegacsd_FUHHAR,44,1.3685337376,0.446559434379,-0.6,-6.94555570593,31245.4746128
omegacsd_FUHLID,40,1.52309728286,0.499567412443,0.6,2.79269285085,-9303.99488559
omegacsd_FUJRUX,42,1.87340442904,0.269818879386,0.5,2.57154043527,-8700.61215216
omegacsd_FUMBOE,32,0.463009324049,0.40599330778,0.6,2.67844886366,-6965.00973279
omegacsd_FUNXUH,32,0.738659469196,0.805757037675,-1.0,-5.5150942899,22988.3341459
omegacsd_FUNYAO,32,1.81634898217,0.418447706252,-0.4,-3.62325137813,16325.7171762
omegacsd_FUPFIF,36,1.89830955789,0.325968641999,-0.2,-5.4977387162,27760.3726123
omegacsd_FURACM,36,2.78975712727,0.846142486922,0.9,23.6391718256,-75437.6957716
omegacsd_FURKEI,46,3.5487231916,0.600408117358,-0.7,-1.68536515586,12540.03102
omegacsd_FURSEM01,42,4.85179090788,0.463618837049,-0.6,-16.7210033423,63736.7548776
omegacsd_FUSZOI,36,0.897623352117,0.266660922151,0.1,3.9259436518,-10651.6379359
omegacsd_GAKWIY,48,4.35754558587,0.192634051122,-0.4,-4.50655197824,29110.5534496
omegacsd_GALMOV,44,0.16862120048,0.0405249726977,0.0,0.414607322856,2568.2516685
omegacsd_GALSEM,44,2.22421873404,0.908965804311,0.7,7.43195094,-28131.3428108
omegacsd_GANFIK,48,18.1854649326,0.184843406678,-0.6,-4.08954211796,18796.8775684
omegacsd_GASPUL,34,1.19324598815,0.053072339312,-0.1,-14.0052822431,87576.55464
omegacsd_GASXED,42,0.268524334528,0.0316233002878,0.0,0.188723492472,3546.90909382
omegacsd_GATPOG,34,4.68805378993,0.7463840286,-0.2,-4.20294945446,16230.1203654
omegacsd_GAVMIZ,44,2.30700817544,0.706476846429,-0.5,-6.33605831748,36056.0703743
omegacsd_GEBJOM,48,0.260394912058,0.600580992544,0.6,5.40751881254,-19466.5366735
omegacsd_GEHKIN,48,0.501146178875,0.475719035608,-0.9,-0.525100311823,6164.73716661
omegacsd_GEJJUA,38,0.732901711555,0.52386652951,0.6,2.52412326132,-6170.69636609
omegacsd_GEJLAI,44,1.85317488792,0.00205247584656,-0.3,0.672448696719,1017.82024399
omegacsd_GEKWAU,48,1.53010441645,0.629522430593,-0.9,-58.1761652887,211691.82446
omegacsd_GIFZAW,50,6.51975797232,0.433967179875,-0.5,-12.6189715685,56412.8408055
omegacsd_GIHKAJ,34,0.265214578747,0.466754786986,0.7,3.67786055752,-11231.1038616
omegacsd_GIHTUM,48,8.39857641165,0.783238079481,-0.9,-7.52049692982,46072.9278462
omegacsd_GIHWUP,46,1.90591206378,0.695049959874,0.8,18.1417845669,-113111.627203
omegacsd_GIKJOZ,40,2.75476549935,0.238841421197,-0.4,-3.97589367438,21405.1390304
omegacsd_GINKUJ,44,0.608485534831,0.98207107608,1.0,1.55289265447,-2343.2326439
omegacsd_HADLAZ,30,3.21544758019,0.00288211647589,-0.1,1.20851333798,-1198.70769893
omegacsd_HALDOL,30,6.48067871571,0.558049329853,-0.6,-3.67841737364,24490.8933602
omegacsd_HALJOT,38,2.37749906816,0.794617205476,-0.7,-0.748237838645,7673.80792954
omegacsd_HALOPE,50,2.72845279079,0.847139444697,0.7,3.37090196601,-13987.405797
omegacsd_HALSES,48,20.1979552672,0.875248859514,-0.3,-13.7278357115,74307.3443371
omegacsd_HASCOT,34,0.425984982836,0.513227181448,0.6,2.39317732554,-7515.62569252
omegacsd_HATKES,50,2.16201106,0.702222313142,0.2,3.07227225403,-9531.89780857
omegacsd_HAVJET,50,0.251066428562,0.423986208994,-0.9,-0.946433913965,7011.71704268
omegacsd_HAVLUL,40,3.63657139958,0.0832650280168,-0.5,-3.4326142006,25437.9487954
omegacsd_HAVRUR,32,2.85950054936,0.96937334338,-1.0,-9.35648427682,43333.9067187
omegacsd_HBFRAN,34,0.99000929326,0.255848972216,0.5,2.26427619433,-4861.66751391
omegacsd_HECHEC,40,0.174573851427,0.250522313924,-0.8,-3.8512515493,17556.4533134
omegacsd_HEHVOF,46,1.88280224657,0.0627912799377,-0.3,14.4257240036,-78462.985605
omegacsd_HEKROE,32,0.488825345054,0.562485129356,0.7,0.934467482906,95.6691628227
omegacsd_HEKZAY,34,2.01706798612,0.000717019331351,-0.1,-0.117930167211,4877.16896967
omegacsd_HEMLOA,46,2.99578441338,0.235167952806,-0.5,-1.31761142986,10157.99257
omegacsd_HEMWUR,32,0.3141187611,0.367424082082,-0.6,-2.44987777274,11644.3822839
omegacsd_HEMXIG,42,1.34966811767,0.671090620705,-0.7,-13.6542319562,61439.1096835
omegacsd_HEPGAK,48,2.18153880264,0.673028692576,0.9,3.53023347286,-10140.8865254
omegacsd_HEPKUI,40,0.610382392589,0.499193883289,0.9,1.08590029186,-748.225323334
omegacsd_HEVJAT,32,0.431879373167,0.894433523545,0.7,2.5018622204,-5418.51850138
omegacsd_HEVRIJ,50,2.95349648559,0.0147886422458,0.2,0.52812531494,2892.79499897
omegacsd_HEVXEL,48,3.4052374,0.0,nan,nan,nan
omegacsd_HEXFEV,38,0.793183617748,0.0518285814659,0.0,1.36672800509,-2131.27090237
omegacsd_HEXYIS,40,1.9655394396,0.000673691359093,0.2,0.485578606697,2628.02760249
omegacsd_JOTDAX,38,1.82964035745,0.180325009722,-0.5,-2.21162378321,16405.2537094
omegacsd_JOXFIL,32,0.688644683839,0.179842019005,-0.1,-0.683870620492,6978.72116531
omegacsd_JUBGES,36,4.09150819825,0.466536600986,-0.7,-33.9632157954,138413.846941
omegacsd_JUBJOF,48,0.463571483068,0.175097809087,-0.6,-1.82094101362,9902.47758774
omegacsd_JUDLUP,40,1.53180441646,0.0318443619945,0.2,0.57622719697,1800.96343414
omegacsd_JUDWEK,34,1.79915982783,0.750097743911,0.8,13.5387133019,-40300.7826755
omegacsd_JUHHEZ,38,0.668571912738,0.504544860503,0.4,7.6615542473,-32615.9463852
omegacsd_JUKZUK,34,0.655959078113,0.0305822480877,-0.2,0.278049198253,3194.79941133
omegacsd_JUVPAR,44,0.523983928024,0.0239668614166,0.3,0.669865232284,1200.06251228
omegacsd_KABJOM,34,1.23486081172,0.0764743926531,0.4,2.23357413995,-6151.82644396
omegacsd_KACKII,44,0.393505886163,0.0463825328407,0.0,0.406975545096,2530.14321551
omegacsd_KAVLIC,32,2.26301985587,0.476607500907,0.4,3.42839134754,-13913.5035706
omegacsd_KAVNOK,48,0.798473091145,0.0799644231188,0.3,-0.861373910723,8257.87487434
omegacsd_KAXXAI,42,0.613745604576,0.000875007666935,-0.3,-0.156034663025,3867.86217006
omegacsd_KEBVES,34,1.35891597603,0.993317915298,0.9,2.87864334709,-10570.5585789
omegacsd_KECDUR,42,2.07578595841,0.131189435153,-0.9,-0.652393518239,7889.73862281
omegacsd_KEJBEG,40,2.39064573467,0.595156516397,0.7,3.78548292444,-15942.7331302
omegacsd_KEJGEL,38,1.2038787729,0.156376610198,-0.9,-0.976577267811,10201.7850736
omegacsd_KEMHOZ,30,1.05875373779,0.687298681349,0.8,10.8257244131,-46356.6022986
omegacsd_KICRIX,38,2.81951971777,0.881096837754,0.7,15.8286400892,-54030.9863847
omegacsd_KIFZAA,48,0.595835088303,0.0916873316403,0.5,1.77964987313,-3637.08995126
omegacsd_KIHWAZ,32,1.0472526693,0.140765151241,0.5,1.72568252844,-3389.12523748
omegacsd_KIHWED,48,1.86350851671,0.209470670617,-0.6,-4.04675830076,23951.7414655
omegacsd_KINJIA,50,4.06296264221,0.013657484254,-0.1,-0.672986378541,10359.1052167
omegacsd_KIXLOS,40,0.757344322307,0.0404562209285,-0.3,0.310909651392,2957.16634919
omegacsd_KOFKUL,50,4.64053066542,0.614001219797,-0.9,-2.31227286076,16771.7936476
omegacsd_KOFLIA,49,4.04244158901,0.244063813941,-0.4,-9.80788595522,45471.2773327
omegacsd_KOFLOG,50,1.73730292569,0.629248993233,-0.4,-5.05347675929,25615.4194903
omegacsd_KOFMIB,50,1.97153555318,0.189174916533,-0.6,-1.79474338843,12477.620538
omegacsd_KOJMEB,48,0.523889227529,0.000839037569743,0.5,-0.111181384041,5539.76570535
omegacsd_KOKBIV,32,2.0484762226,0.613952565679,0.3,0.190236889432,4345.91697518
omegacsd_KOTGIJ,32,0.498227060617,0.173470344472,-0.6,-0.866973619376,6898.88554601
omegacsd_KUBHEU,50,2.12826397398,0.0829076759034,-0.4,-0.0540492836633,4555.57536949
omegacsd_KUFPIK,40,1.98123642031,0.0429612402562,0.5,2.02187164365,-7292.47681241
omegacsd_KUHNUW,42,3.97343760014,0.0815613270221,0.0,-0.815576404159,11244.2162438
omegacsd_LABLOP,48,2.8879271862,0.626578225126,0.7,6.04790456554,-17740.7405185
omegacsd_LACCEX,38,2.70764839476,0.0149449822215,-0.1,-9.00866288195,39429.5946835
omegacsd_LACPAG,48,2.96373179479,0.405934804894,0.6,2.01374158174,-4162.33740973
omegacsd_LADTOZ,50,3.05528033282,0.376892716075,-0.2,-5.20313402787,31932.237706
omegacsd_LANXED,47,0.533972470097,0.0712311110122,-0.4,-2.03477236976,15732.979227
omegacsd_LAWJEY,50,0.871603538786,0.012808600999,-0.3,-1.99502044588,11810.0144013
omegacsd_LAXWEM,42,1.16240671545,0.492955874112,-0.7,-3.29581749974,17080.5027421
omegacsd_LEDWAS,50,2.2700711436,0.416790599237,-0.2,-3.57823523932,14310.7460649
omegacsd_LEKMET,40,0.409602557457,0.0848915254815,0.1,1.72773241295,-3036.76204746
omegacsd_LELROJ,42,7.54376966151,0.141249435166,0.3,2.87203006754,-9489.34459983
omegacsd_LEMXIK,50,0.794171584943,0.864323028251,0.1,1.18148393367,-1355.27172731
omegacsd_LERKAU,36,0.865766182016,0.434823332754,-0.6,-4.23678414258,27068.6154406
omegacsd_LETBAN,36,1.56322439376,0.911379797709,0.7,30.0049606806,-87199.4560785
omegacsd_LETBUH,34,0.4413300325,0.000923105076428,-0.3,-0.348301714385,4149.10846544
omegacsd_LEVTOV,30,2.1679033868,0.440923493496,-0.5,-1.20875300256,12292.7683348
omegacsd_LEZGOM,48,5.05265393138,0.733752756235,-0.8,-24.9039306132,141016.82429
omegacsd_LIKBUC,44,5.38935532063,0.415693860786,-0.5,-4.71071890761,35780.6201577
omegacsd_LIKGIV,50,1.08524625426,0.473450062096,0.7,3.42778581257,-10070.7048828
omegacsd_LIKMEX,48,3.38593840742,0.0940618491179,-0.5,-1.5549848483,12684.0015374
omegacsd_LINLAV,36,1.62083850659,0.100747111516,-0.8,-0.368221978083,8248.56422753
omegacsd_MAMNAQ,44,3.24823131917,0.184018055627,-0.1,-2.68206540116,16178.0981926
omegacsd_MATSTA10,50,1.0295502,0.0,nan,nan,nan
omegacsd_MBZTZT10,36,2.18090653912,0.890263286028,1.0,8.94755340396,-36816.6503816
omegacsd_MICONZ,44,11.1160664596,0.701005131025,-0.9,-20.2183857836,90515.5630691
omegacsd_MINTSA,38,1.34156933653,0.100311700319,0.1,-2.0545134642,12486.0245154
omegacsd_MLDPHE10,50,1.25487968948,0.972633817354,1.0,17.0485960239,-82769.7803163
omegacsd_MOPBZA,50,3.30577311319,0.76964668739,0.3,1.84335211326,-3614.29659399
omegacsd_MRMPYR,36,1.80514492005,0.453984947409,-0.5,-2.12999181386,14070.3926294
omegacsd_MTBPNP,34,0.246329836129,0.871701656058,1.0,1.33944247979,-1669.18910508
omegacsd_MVERIQ,40,4.52499407956,0.247811705922,0.2,4.94245450087,-20171.7038529
omegacsd_NADYIA,48,4.5652755626,0.601012902946,-0.8,-5.67168894967,39790.8552618
omegacsd_NADZIB,44,5.66617647877,0.294733438485,0.2,12.209613982,-62987.3424694
omegacsd_NBPENC,50,2.40896954267,0.0339693275775,-0.1,-3.04165682614,15647.8448985
omegacsd_NFCSEY,36,0.496454700196,0.154246353352,-0.1,-4.90309239863,18509.8465978
omegacsd_PACVUK,42,9.17563153202,0.157195124185,-0.2,-3.67413524018,22024.3536367
omegacsd_PAPPHI,34,0.857354473397,0.423962085326,0.6,3.3779403645,-10720.4109945
omegacsd_PBBSHD,44,6.2604302,0.0,nan,nan,nan
omegacsd_PBYXCH,48,1.78290197579,0.449446023409,0.6,2.50532457173,-6809.09077859
omegacsd_PCPTZA,36,1.30468455371,0.737945401564,-0.6,-1.60009245509,10031.7613843
omegacsd_PEBHAF,36,2.26218972059,0.000359787078558,0.0,0.669423740741,1410.47518915
omegacsd_PEKCEO,48,5.1319659169,0.268465045633,0.1,10.6364173613,-52510.5781699
omegacsd_PEPHEX,32,5.82289243315,0.47248865149,-0.4,-4.98147453662,31317.5464938
omegacsd_PEXJEH,32,2.89503927332,0.0740717812256,-0.2,-0.428259352297,7493.91498277
omegacsd_PIBSXM,50,0.974816827819,0.261320407335,0.9,3.89168312877,-15215.8536045
omegacsd_PIDSIE,46,0.868587423327,0.339041256857,-0.5,-3.90900917001,19391.3776081
omegacsd_PIDWOO,48,4.52933857826,0.495577438135,-0.8,-1.58827090615,15515.092411
omegacsd_PIKDIW,42,2.3324352,0.0,nan,nan,nan
omegacsd_PILCOC,50,2.1174798,0.0,nan,nan,nan
omegacsd_PINSAG,44,5.36046991981,0.63644778354,0.5,8.89985307487,-41761.5493412
omegacsd_PKOJSI,44,3.90918678169,0.423116283824,-0.5,-2.43063577225,11911.6787206
omegacsd_PMAANO01,34,1.89171278536,0.632772774966,0.6,8.7044777392,-37220.4005245
omegacsd_PMANAQ,42,2.25572340833,0.0207873639197,-0.1,-0.725509996216,10233.1311649
omegacsd_PMBSAN10,50,1.38059204705,0.108986893009,-0.2,-3.32336647865,20338.6055551
omegacsd_PMCPRC10,50,0.462365471487,0.876677502924,-0.9,-6.93973931569,30500.9917523
omegacsd_PMEPEN,50,4.7780246,0.0,nan,nan,nan
omegacsd_PMPAIN,30,0.678363400001,0.0,nan,nan,nan
omegacsd_PMPBTZ,50,0.759551371037,0.0329389080816,-0.1,-0.439762373303,5754.10585371
omegacsd_PMTSZD,36,0.845167650916,0.477394960009,0.9,5.05734687418,-18426.3804944
omegacsd_PNPAUR,32,1.11340010206,0.477198194098,0.8,3.27458393455,-7491.45376503
omegacsd_PONXUL,50,0.865373501677,0.805220005915,0.8,0.878188691873,385.5619333
omegacsd_PTHPAL,42,1.54258726544,0.588965160636,0.3,12.7991919292,-48416.5518891
omegacsd_PXBVCP10,48,1.00860876962,0.434115799108,0.3,1.04670540391,-240.753357673
omegacsd_PXEZSD,50,3.34746377126,4.36414796853e-05,0.5,0.013142054304,5334.42718829
omegacsd_PXMPEN,48,5.50171574287,0.562802441458,-0.6,-5.81896197013,29947.8967968
omegacsd_PYMSBZ,50,9.44536482115,0.030138061842,-0.3,-0.680153738017,7961.9993552
omegacsd_QQQHDG10,46,0.554200460993,0.0619167750541,0.1,0.488898641617,1693.76823159
omegacsd_SADXIE,48,1.33891199398,0.00255882159623,0.2,-1.05364837306,10457.4377874
omegacsd_SAGMUI,50,2.39881657551,1.21352286416e-06,-0.4,-0.00235109711833,4051.07847702
omegacsd_SAGWOM,40,10.3161957651,0.967835342771,0.9,10.2236090104,-33272.8390497
omegacsd_SAVXOC,30,1.604785,0.0,nan,nan,nan
omegacsd_SAVYET,48,0.927767936819,0.537846606276,0.5,2.46759193469,-5625.36043379
omegacsd_SAVZEU,42,5.16196418609,0.262774121568,-0.2,-3.61635261198,23540.250809
omegacsd_SEFLIY,42,5.95849367559,0.818433482903,-0.7,-6.27059187409,31116.3450187
omegacsd_SEMDET,46,0.436596003959,0.00571898737191,-0.1,0.214425669223,3017.23757158
omegacsd_SEMXEN,48,5.4656797094,0.903161682841,-0.6,-19.7826565417,81163.2107262
omegacsd_SEYMIS,50,1.33577890133,0.189106335599,0.4,2.86389485387,-9971.05848919
omegacsd_SEYPUH,46,2.10945359622,0.0781010959511,-0.1,-5.55080027801,27348.2428447
omegacsd_SFDMOX,38,0.46823388756,0.561103256378,-0.6,-4.27948407107,21053.8552145
omegacsd_SIFJIA,32,1.50100914254,0.511510139939,0.7,6.60364003601,-23082.6315755
omegacsd_SIHDES,40,2.6058648,0.0,nan,nan,nan
omegacsd_SIHDIW,40,7.26681228761,0.532206007503,0.7,6.54463665537,-33084.3364122
omegacsd_SIHGIZ,38,1.43326175822,0.000623896643097,-0.5,-0.0248742430282,4443.67051448
omegacsd_SIHVUA,32,0.347430299541,0.305001710209,0.1,1.71291225284,-2153.01288063
omegacsd_SILTUC,48,2.44544468969,0.0449884190136,0.0,-0.243011065723,4883.26165494
omegacsd_SINKUV,50,1.17474361486,0.192255377749,0.3,2.36260210906,-5739.65078091
omegacsd_SISYIC,46,0.809676445608,0.681590049605,-0.7,-4.04259678829,25848.0971405
omegacsd_SLFNMB04,34,1.18798993864,0.770878305266,0.9,16.1524463459,-48766.9279267
omegacsd_SLFNMF02,38,0.208919886164,0.0603606338939,-0.1,1.64177312971,-2678.58200625
omegacsd_SOPNAM,40,1.59169828318,0.675589554613,0.6,4.45785534792,-17300.5848377
omegacsd_SOPSIZ,50,2.93263356429,0.955747099263,-0.8,-6.04262938141,25321.6566014
omegacsd_SORCOR,34,2.75590202645,0.897004480598,-0.9,-12.0246095787,55661.4829456
omegacsd_SOWCOW,34,4.56785882598,0.752018861882,-1.0,-7.35704608732,40059.1151663
omegacsd_SPIRIL,40,12.176429056,0.438418494008,-0.7,-5.36668753096,39635.2399225
omegacsd_SURREC,50,1.65999453633,0.383670483043,-0.6,-1.63330598756,13766.0886639
omegacsd_TAJSEC,30,0.98520427641,0.0470990191026,-0.3,-1.28460421554,9447.79376943
omegacsd_TANNOL,32,6.03936195553,0.3448401203,0.6,3.78840280377,-12675.796444
omegacsd_TAPBZO,46,2.58710372524,0.325494632165,0.2,8.38264550717,-37844.400428
omegacsd_TAPSOS,48,1.99728758809,0.11797345202,0.3,5.37301939671,-23516.4630204
omegacsd_TAPZEP,50,4.45886041267,0.0558861030844,0.0,2.01301348587,-4527.61606467
omegacsd_TAZPUF,42,2.64222022095,0.0142546452258,-0.2,-1.54797582484,17271.5758681
omegacsd_TAZXAT,50,0.365579231732,0.427856537629,0.7,0.890183664911,367.416373969
omegacsd_TECSUP,44,0.446424459669,0.321895469278,-0.4,-1.0989263168,9292.17577466
omegacsd_TEDBUZ,50,0.302017300118,0.147758311649,0.6,0.739789523836,1040.91856664
omegacsd_TEKBIU,50,1.22558523423,0.0494808231566,-0.4,-1.70460316782,12260.4614417
omegacsd_TPHPRO,36,13.9478712323,0.0486788967536,0.1,5.21471909023,-22740.4847508
omegacsd_VADTAV,32,0.191405079596,0.721375675809,0.9,2.14524740474,-4622.154419
omegacsd_VAMBOA,36,15.5539779418,0.722454470406,0.6,6.18241252806,-25772.5361188
omegacsd_VAMCUH,32,0.62244649774,0.0422490115189,0.5,0.58243124713,1700.45846209
omegacsd_VAYXOI,46,1.83805776271,0.423811532074,0.6,5.24793304902,-20847.173825
omegacsd_VEMCIZ,50,14.5959024547,0.00593589851028,0.1,1.03311299159,-317.109405702
omegacsd_VENRUB,48,1.21277918644,0.396483895829,0.7,18.2621650015,-69012.9804693
omegacsd_VEXROF,46,3.5098614,0.0,nan,nan,nan
omegacsd_VEYRAS,50,4.01471518784,0.558151388805,-0.8,-4.245180723,19923.3638449
omegacsd_VIBNID,48,2.89296029733,0.0838124917188,0.6,2.24892654375,-7705.38147878
omegacsd_VIBWIM,48,1.69512923462,0.248420912537,-0.5,-4.48267721708,30300.7934032
omegacsd_VIMYUL,46,1.83571389178,0.968007197773,1.0,7.71232815667,-34866.4067
omegacsd_VIPHOR,48,4.65594302445,0.938974745088,0.8,3.41345970811,-14173.6583247
omegacsd_VOPDIN,50,1.84588680031,0.105585234493,-0.2,-3.88739893279,22036.8908497
omegacsd_VORBAF,50,2.01838480624,0.671919642564,0.7,9.21130916885,-40009.6328793
omegacsd_VORDAH,34,3.06285312585,0.395378129248,-0.6,-0.671355705237,8395.10780772
omegacsd_VORJER,48,1.7481723192,0.236979347643,0.5,0.644617439009,1499.88878651
omegacsd_VOWXEK,48,1.97988977963,0.844638549297,0.8,4.91199849292,-15347.1651713
omegacsd_VOXHAR,48,2.85634618891,0.1918503528,0.1,2.88446494086,-10017.0670889
omegacsd_VOXMOK,38,1.19229307927,0.0354578940156,-0.3,-0.991055519257,8556.32200698
omegacsd_VOXNOL,32,0.500869383405,0.0339256523794,0.3,0.676749356209,1003.83589034
omegacsd_VUGDEG,38,1.78864413444,0.102528102185,0.3,3.20058349654,-9332.1176114
omegacsd_VUSKID,40,1.47979625535,0.841743649172,-0.3,-4.0264433018,20824.7533784
omegacsd_WAMZAL,50,5.58692456003,0.787642699692,-0.9,-5.25740707853,28756.8590519
omegacsd_WASTEP,46,2.86971365499,0.175627669897,0.3,6.94391479766,-38259.4390946
omegacsd_WAVTIW,42,0.64880719256,0.836822939492,0.9,1.23104663648,-1279.88444275
omegacsd_WEBCOV,42,2.43032899186,0.278043242665,-0.8,-5.253280519,27373.3380805
omegacsd_WELGAV,46,3.14750474761,0.87848748654,-1.0,-18.7405142586,122032.111285
omegacsd_WESFOP,50,2.151027,0.0,nan,nan,nan
omegacsd_WESZOJ,30,1.89384509749,0.0683158510349,0.1,-5.13495067481,27217.3852299
omegacsd_WEVTIA,40,0.93111838759,0.509225780696,0.7,2.17645027796,-4494.27390416
omegacsd_WEXBEG,32,1.37275951269,0.00150216695194,0.4,-0.182862644329,6155.14391117
omegacsd_WIDDIW,38,1.73935348223,0.393350758133,0.8,4.78165022372,-17571.6521004
omegacsd_WIFREI,48,1.96675619448,0.458842234888,0.7,2.0529368598,-4840.06733391
omegacsd_WIKJOP,34,2.64232090919,0.672937135143,-0.7,-2.85248883413,13787.812588
omegacsd_YABKOB,50,11.8905347262,0.598385482998,-0.7,-6.40005172472,43477.2962395
omegacsd_YAGWOS,30,0.563141590722,0.0017254194131,-0.3,-0.448106939227,7992.00383976
omegacsd_YAHBOY,38,1.35931472657,0.0175556075304,-0.1,-0.42728893755,5783.59868507
omegacsd_YAHFAO,50,1.50717,0.0,nan,nan,nan
omegacsd_YAYDEH,40,1.19376935971,1.12239715789e-06,0.4,-0.00953359428227,4389.36308937
omegacsd_YAZBAC,48,12.9992519708,0.26291765662,0.5,4.76972437062,-25167.2701535
omegacsd_YAZHUC,42,2.42149148918,0.645537370931,0.8,5.34817266565,-20353.0615128
omegacsd_YEMNEJ,44,2.4998332,0.0,nan,nan,nan
omegacsd_YENLEI,46,0.801327834556,0.702883497247,-0.8,-0.601035694764,6613.0254332
omegacsd_YESPIV,30,1.73194611057,0.923552331326,-0.8,-5.84431350241,39763.6866127
omegacsd_YEYVED,50,2.16132808271,0.732150422212,-0.4,-1.14407351984,5966.39258073
omegacsd_YICPIJ,42,1.07271985596,0.00949836362019,-0.3,-0.35782230892,7694.80018318
omegacsd_YIHJAA,40,2.5824089908,0.710718048704,1.0,3.27431223883,-12016.3357212
omegacsd_YILDOM,36,2.87703552939,0.0514548601218,0.0,-0.696050554916,6506.21804169
omegacsd_YINDII,34,1.73050793782,0.679382896303,0.7,1.44413537704,-1612.87211629
omegacsd_YITLES,38,6.93176910749,0.00925999416117,-0.7,1.01990771364,-386.020301029
omegacsd_YOPRAW,32,2.4542182,0.0,nan,nan,nan
omegacsd_YOPWOP,36,1.32672397173,0.400427613466,-0.8,-1.7382244993,11822.0988015
omegacsd_YOSMOI,42,0.678869383483,0.123199971188,0.6,2.78538292021,-6857.27360609
omegacsd_YOWVOV,34,2.78888711941,0.000702211898101,0.1,0.0466157247949,4927.29475598
omegacsd_YOWYAK,44,1.97961981826,0.267887013353,0.6,1.53343076601,-2484.3918939
omegacsd_YOXDEU,48,2.73560436139,0.647601909654,-0.6,-7.85661059756,45244.9745763
omegacsd_YUKKUK,36,3.73122982012,0.370857129946,0.7,6.33567273338,-26024.2028805
omegacsd_YUKNAT,48,3.8023048,0.0,nan,nan,nan
omegacsd_YULXIM,36,3.96178019405,0.0339419464478,0.1,2.6601048051,-7616.89645663
omegacsd_YULZOU,34,10.8918109748,0.444980727346,-0.8,-10.4409963424,49001.3556412
omegacsd_YUYJEH,44,0.191548862302,0.330429711572,0.2,0.679786294072,1255.90992785
omegapdb_1b6l,42,10.9023366621,0.37740750303,-0.5,-4.44814893184,48232.9414443
omegapdb_1bhx,44,25.8022413793,0.0136887273413,0.1,0.901313430906,-24.2500766625
omegapdb_1bto,30,2.78654249587,0.0921162080458,-0.4,-3.38459467809,11079.8659327
omegapdb_1c1u,30,2.17639329327,0.303231706958,0.9,2.21455972596,-5667.67157651
omegapdb_1d09,42,3.89758483001,0.0344133697728,0.1,0.863372786072,65.6143265929
omegapdb_1d3g,30,0.736618153713,0.294495076421,-0.7,-1.0889657949,10415.2511445
omegapdb_1d3h,34,1.40215611554,0.0627034791091,0.3,2.17993892978,-3970.23993516
omegapdb_1d4l,46,14.0284482388,0.349193296723,0.2,7.00356264772,-55616.7620133
omegapdb_1d8d,46,17.9403428046,0.783748774677,-0.8,-9.41442803031,58012.0833197
omegapdb_1dfo,40,5.16581592442,0.0389855510318,-0.2,-1.06703037307,7783.78566329
omegapdb_1e2m,38,2.47842303971,0.562784521291,0.0,-2.91901251753,10806.869955
omegapdb_1eby,36,8.27512506112,0.929673372589,0.8,2.78919431168,-17577.2152008
omegapdb_1ec0,44,5.66132752142,0.0788621296881,0.5,0.199958450007,7680.00029258
omegapdb_1exa,44,4.77015206641,0.00943964997388,-0.1,0.499181116523,2935.33494984
omegapdb_1ezf,48,9.52636552401,0.812227505324,-0.8,-2.2572318779,25652.5436069
omegapdb_1f06,46,23.3062201614,0.0618714513357,-0.2,5.97551854556,-14196.6281832
omegapdb_1f8b,50,2.5485972414,0.901317315725,0.9,4.29439080041,-13657.3796262
omegapdb_1fm9,48,7.67683493623,0.103812078606,-0.3,-0.898627276691,15267.9538784
omegapdb_1g2k,44,12.5539675355,0.652324931793,-0.8,-2.35070136912,30140.8259155
omegapdb_1g4s,42,7.94555860126,0.00550857835485,0.3,-0.832862437776,7483.77433636
omegapdb_1g6c,44,13.4495359465,0.427504639162,-0.4,-25.0439612514,64817.5325381
omegapdb_1gj6,32,1.58057077518,0.0468287585798,-0.5,5.80588142774,-22400.8255618
omegapdb_1gja,40,0.430659704646,0.364014655548,0.5,1.10091462284,-548.806468963
omegapdb_1gs5,50,1.064781119,0.942923634322,1.0,2.05087469833,-3083.81793705
omegapdb_1gse,40,16.1734935642,0.49513019864,0.8,4.14430148405,-13472.345469
omegapdb_1gz8,44,1.36077587912,0.657711054751,0.6,10.6349051475,-35147.9793986
omegapdb_1h1p,34,1.42090868328,0.0669528027341,-0.1,0.921487922356,-135.296279406
omegapdb_1h1s,50,4.9399495572,0.606968142784,-0.9,-9.51123076353,60136.0332703
omegapdb_1h2k,50,0.208221386346,0.284594300844,0.7,1.93530833422,-1896.01833747
omegapdb_1h6h,44,24.9844550189,0.0538961879019,0.3,1.27075500466,-2479.17279899
omegapdb_1hwk,48,13.0841336888,0.410863681764,-0.8,-3.09685311455,34227.9436255
omegapdb_1hyo,46,0.618404919116,0.172323625353,0.3,1.00421669045,-206.907358084
omegapdb_1ik4,42,6.33561765023,0.327206773518,-0.9,-7.22129188154,14362.6588944
omegapdb_1is0,48,7.96923035785,0.572616262298,-0.7,-3.88925871949,18418.6854628
omegapdb_1iy7,40,6.84271430461,0.875493559259,-1.0,-29.6528862102,94643.7693895
omegapdb_1j3f,46,1.91055940172,0.00871440905927,0.1,1.24222649377,-1304.92573509
omegapdb_1jsl,48,2.78734838656,0.696543732908,0.3,4.42584778102,-8431.27852815
omegapdb_1k2t,36,1.7551891098,0.149972624461,0.4,2.06576899243,-2947.75017455
omegapdb_1k2u,32,6.362437588,0.114872052533,-0.7,-4.61650694556,15882.1091173
omegapdb_1koj,34,16.2844633456,0.716606847311,0.7,5.30174648004,-13431.5141374
omegapdb_1kz8,44,1.14389724081,0.789261536899,0.8,1.2231335751,-1661.16382935
omegapdb_1l7g,48,2.44963231003,0.0624089298069,0.1,0.767805282406,752.739827686
omegapdb_1m2x,32,1.4888258181,0.800329176292,0.6,1.80921904854,-2756.84506383
omegapdb_1m5b,32,2.21702153264,0.907231862672,-0.9,-11.1167084407,40827.8390231
omegapdb_1m5d,46,2.16680622439,0.61433149839,0.1,1.8310095383,-2136.81825466
omegapdb_1m5f,36,2.21280683446,0.875422316298,0.3,4.38038997402,-10023.041341
omegapdb_1n2b,32,1.94125170272,0.830814695533,0.6,7.12609348119,-15253.176699
omegapdb_1n3z,32,4.59167429342,0.376188014579,-0.3,-2.01582160172,11027.4569141
omegapdb_1nms,34,4.39846568955,0.151654640462,-0.3,-0.420689359624,8107.59975688
omegapdb_1nnk,32,0.363644335846,0.138326875423,0.3,0.620658654065,897.679126231
omegapdb_1nqu,44,6.13792116082,0.0957352796612,-0.6,-0.884824469983,7760.76592307
omegapdb_1nqv,50,5.43891280472,0.127355514373,-0.8,-0.895387807699,6894.95158797
omegapdb_1o2y,44,2.76558425869,0.0327921518189,0.3,1.00920480834,-333.249685797
omegapdb_1o3l,38,0.0736965947872,0.00760958810655,-0.5,1.54099931437,-2813.74899147
omegapdb_1o3m,36,1.50611698134,0.48208184781,-0.4,-13.6075897795,59297.4651325
omegapdb_1ofd,46,0.867078547391,0.684440553427,-0.7,-21.781202361,41229.4341973
omegapdb_1oiu,30,3.22334090061,0.17117152768,0.1,2.94258861251,-11787.9309419
omegapdb_1oks,32,8.54094038528,0.652005271394,-0.9,-3.4620644958,13404.6660499
omegapdb_1p1o,38,5.4095262626,0.313221132171,0.6,2.19079378692,-3346.50277561
omegapdb_1pa9,42,0.747550418286,0.729364372793,-0.5,-14.9941733301,36812.1287304
omegapdb_1pck,38,13.908768229,0.99241316967,1.0,5.12575529908,-9108.79808503
omegapdb_1q72,44,3.69618576729,0.498010617502,-0.7,-25.2035465292,123768.191831
omegapdb_1q91,36,2.66131285005,0.931809391855,-0.9,-7.27578553096,44150.1469439
omegapdb_1qnf,40,4.90104689975,0.0171197715058,0.2,0.342220862651,2918.75391179
omegapdb_1qxw,48,6.18861206431,0.151061306483,-0.5,-6.61809435982,27742.1856797
omegapdb_1qy5,38,7.71504740115,0.859417737823,-0.8,-4.31439497214,23547.7920429
omegapdb_1r34,34,6.09779964088,0.813598332546,0.7,6.92003926189,-26334.2224934
omegapdb_1r4p,50,0.915586693725,0.976167343821,-0.7,-2.45798924132,8747.93187382
omegapdb_1r6w,50,2.88353829961,0.0907062461451,-0.2,1.19442303808,-748.045549708
omegapdb_1rf6,32,0.810114951923,0.944135435634,0.6,3.38127784652,-4585.96589122
omegapdb_1ros,50,1.72621659935,0.499881537006,0.1,0.820483205734,1170.60473999
omegapdb_1s63,44,4.64157054069,0.947784518365,0.9,4.88569162075,-22619.9981443
omegapdb_1s8j,46,1.2174015851,0.0683453168092,0.3,0.594397284348,2037.39799321
omegapdb_1sa4,30,5.62643526227,0.0637532511718,0.2,3.02490350945,-13127.7066613
omegapdb_1syh,42,1.81848659271,0.780408447903,0.6,26.0109017558,-87938.2250032
omegapdb_1toj,40,0.75482758833,0.174770032411,-0.6,-4.96958290294,13642.9773918
omegapdb_1uf5,50,6.65625838094,0.305999870353,0.8,5.99563616751,-13356.2789862
omegapdb_1uf7,50,0.826537386538,0.0335017513447,-0.5,-0.974479563542,4722.53437788
omegapdb_1uf8,48,4.21084347669,0.135465554674,-0.2,-5.86320026723,20954.1534671
omegapdb_1ur8,36,0.863924693294,0.703351149566,-0.6,-2.82997951778,11547.9195608
omegapdb_1urw,48,7.68806020449,0.779239496624,0.7,5.26960742027,-28838.9761054
omegapdb_1utt,48,2.13853116698,0.417408446175,0.7,19.3512030264,-94802.7922193
omegapdb_1uu9,50,5.32675437292,0.408519873477,-0.7,-4.58968872298,31839.2846076
omegapdb_1uwc,48,0.102614838628,0.908175798379,0.8,1.01794476113,-114.961389951
omegapdb_1uy8,44,2.98538138618,0.576585234474,0.4,4.4802107073,-18043.3036796
omegapdb_1v2k,40,1.56269960994,0.0839887574437,0.0,-2.37439964284,22721.0544493
omegapdb_1v2n,50,4.87766273344,0.406569194646,0.7,5.47096249463,-27840.2445856
omegapdb_1v97,30,1.51455437484,0.849022895349,0.5,2.6421912963,-6074.44456678
omegapdb_1w1q,34,0.818596934551,0.822007823233,0.9,4.10550646739,-10774.761757
omegapdb_1w5v,50,18.735189324,0.0572102565204,0.4,1.0275824539,-350.585159106
omegapdb_1w7x,46,12.672280916,0.0645048619741,-0.5,-9.09276118639,80197.3150122
omegapdb_1w9u,50,5.62486139715,0.990610155938,-0.7,-2.92383351337,8618.90482447
omegapdb_1wvj,40,1.00212125047,0.793874345891,0.0,-2.64647873339,12364.7135725
omegapdb_1xap,32,1.309463678,0.938941745951,1.0,3.86458032746,-16462.1884398
omegapdb_1xge,32,2.0359913031,0.974474762881,0.9,13.198057154,-25674.3543997
omegapdb_1xn0,30,1.1936005116,0.221739185208,0.2,1.62055729508,-2909.3574281
omegapdb_1xom,44,3.69102061905,0.279675306757,0.6,3.17078743447,-11908.795866
omegapdb_1xon,44,2.2344196491,0.0386808160148,-0.5,-2.51269656973,16473.8320477
omegapdb_1xp0,48,7.76304790181,0.127262675573,0.0,-0.798895194684,12595.0607441
omegapdb_1xqc,30,5.35135503997,0.306363587214,0.1,7.13048383177,-44911.4326295
omegapdb_1y6q,44,6.07389322623,0.357691131039,0.6,5.04178596998,-18274.4185257
omegapdb_1yc1,44,1.34994177492,0.321577495156,-0.7,-2.4456036061,17007.4489357
omegapdb_1yc4,38,0.867117886853,0.305324067025,0.7,4.53517315905,-14341.3585405
omegapdb_1yvx,32,4.22764450731,0.38936756477,0.5,16.6537423,-83822.9168334
omegapdb_1zvx,32,2.55980790754,0.785004465941,0.7,2.6547131592,-8823.5580713
omegapdb_1zz2,50,10.0394079911,0.806730084817,-0.9,-6.38808826888,47891.2962889
omegapdb_2aw1,30,1.33880128217,0.00221465429917,0.1,0.373822097451,2413.37666408
omegapdb_2ayr,34,9.2005816521,0.798928990796,0.9,10.9555802629,-74374.5904132
omegapdb_2b7d,38,9.53784623303,0.784172233878,0.9,7.46082104748,-48691.565462
omegapdb_2bgd,32,4.55793505816,0.000131018333295,0.1,0.0549189943357,3660.82803944
omegapdb_2brc,30,2.35950322997,0.302995154509,0.9,6.76902277198,-29942.0718332
omegapdb_2btr,50,2.40471106402,0.00175444572105,0.0,0.43070325961,1860.73968501
omegapdb_2bts,46,0.608202311773,0.177724764185,-0.6,-5.71386448939,24913.667208
omegapdb_2byh,40,5.2063947027,0.774581247575,-0.3,-2.8993397635,18014.7383423
omegapdb_2byi,50,8.59257494882,0.247422287506,0.1,2.0009703451,-5274.11677857
omegapdb_2c4w,34,2.17447983205,0.644357422363,0.6,7.32128291183,-25976.8327024
omegapdb_2cbs,38,0.934347741031,0.00617565820799,-0.3,-0.0910033260456,6294.74861406
omegapdb_2cji,34,10.5775258546,0.611193167281,-0.9,-19.3601804719,124294.136558
omegapdb_2evc,32,2.35651311564,0.27442045387,-0.3,-2.09270177016,8633.03075683
omegapdb_2ewb,32,3.57319454798,0.83510762682,0.7,2.81738539653,-8027.5387012
omegapdb_2f34,42,3.29846031189,0.164373372301,0.2,1.26658572772,-1622.26894992
omegapdb_2f4j,42,0.603562686476,0.146981093575,0.5,1.104892581,-1431.24688712
omegapdb_2f6v,42,9.63673662253,0.0864576342244,0.2,2.04544945655,-6315.98312747
omegapdb_2f70,50,4.49666189782,0.000235549715812,0.2,0.0492472445985,4550.23547622
omegapdb_2f71,36,1.61186750069,0.848899144901,0.3,1.49318662429,-2589.23369794
omegapdb_2f7p,30,7.64053230735,0.733071643645,-0.6,-9.76557295357,38549.0600917
omegapdb_2flb,30,1.17757589174,0.564100499842,0.8,2.04392198113,-5126.12251932
omegapdb_2fqt,42,7.44501059542,0.40388563419,-0.7,-1.45585257664,8218.00172917
omegapdb_2fyv,48,8.8850554,0.0,nan,nan,nan
omegapdb_2g8n,40,8.21368142566,0.0155892794047,0.2,9.31471735249,-36564.3940777
omegapdb_2ggd,40,2.91875719114,0.0311102282445,-0.1,1.47640077573,-1624.4020303
omegapdb_2gss,36,4.54662036679,0.748145979645,0.3,2.43085522247,-4838.92575612
omegapdb_2h03,40,17.4946074108,0.694108720743,0.7,9.06037220087,-57415.2246298
omegapdb_2h42,46,1.84113473323,0.299874229714,0.6,0.406991245214,3526.19711684
omegapdb_2hb1,36,0.567036428571,0.383911037523,-0.6,-10.6614757311,24486.3021961
omegapdb_2hd6,36,0.377660168771,0.0445417687633,-0.3,-0.247245696157,4304.36025326
omegapdb_2i0a,32,20.9674304,0.0,nan,nan,nan
omegapdb_2iko,46,5.83585555981,0.376252177393,0.1,12.305807232,-58104.0407082
omegapdb_2iuz,46,8.49171622565,0.881273841672,-1.0,-13.0785662423,80654.1055552
omegapdb_2izl,46,2.23008494263,0.0274130343359,0.1,1.2085140229,-1114.23876668
omegapdb_2j34,36,22.1039703887,0.0455163240092,-0.1,-2.9235342089,22173.8731998
omegapdb_2j47,46,3.99048828742,0.938919982368,0.6,2.03732237068,-5671.55919801
omegapdb_2j4i,40,15.3573723676,0.0628990186612,0.2,-1.20074410469,15542.8161904
omegapdb_3cbs,42,1.59375353344,0.742574182515,0.6,1.55215124639,-2609.4515817
omegapdb_6prc,30,13.7981973947,0.183831255798,0.4,5.59603613678,-10363.1890713
